product;price;rating;recall;instalment;instalment_price;instalment_time
Creative Bracket UN-60;2290;9;(221 отзыв);В рассрочку;764 ₸;x3
Lenovo IdeaPad 3 15IGL05 81WQ00JBRK серый;129990;9;(36 отзывов);В кредит;8 225 ₸;x24
Apple MacBook Air 13 MGN63 серый;448479;10;(388 отзывов);В рассрочку;37 374 ₸;x12
Lenovo IdeaPad Gaming 3 16IAH7 82SA00FARK темно-синий;422899;10;(25 отзывов);В кредит;26 756 ₸;x24
Lenovo IdeaPad 1 15ADA7 82R10055RK серый;196410;10;(17 отзывов);В кредит;12 427 ₸;x24
Сумка Defender Lite черный;3180;9;(179 отзывов);В рассрочку;1 060 ₸;x3
Apple MacBook Air 13 MGN93 серебристый;452000;10;(175 отзывов);В рассрочку;37 667 ₸;x12
Рюкзак Xiaomi Mi Classic Business Backpack 2 черный;9499;10;(108 отзывов);В рассрочку;3 167 ₸;x3
ASUS X515JA-BQ3253 X515JA-BQ3253 серый;265000;10;(8 отзывов);В кредит;16 766 ₸;x24
Чехол Macbook Air 13 прозрачный;2359;10;(88 отзывов);В рассрочку;787 ₸;x3
Городской черный рюкзак от дождя для ноутбука и прочих ценных вещей с USB входом Meinaili 1603;4500;9;(95 отзывов);В рассрочку;1 500 ₸;x3
ST-30;4680;10;(58 отзывов);В рассрочку;1 560 ₸;x3
Lenovo IdeaPad 3 15IGL05 81WQ00JBRK серый;129990;9;(36 отзывов);В кредит;8 225 ₸;x24
Apple MacBook Air 13 MGN63 серый;448479;10;(388 отзывов);В рассрочку;37 374 ₸;x12
Lenovo IdeaPad Gaming 3 16IAH7 82SA00FARK темно-синий;422899;10;(25 отзывов);В кредит;26 756 ₸;x24
Lenovo IdeaPad 1 15ADA7 82R10055RK серый;196410;10;(17 отзывов);В кредит;12 427 ₸;x24
Apple MacBook Air 13 MGN93 серебристый;452000;10;(175 отзывов);В рассрочку;37 667 ₸;x12
ASUS X515JA-BQ3253 X515JA-BQ3253 серый;265000;10;(8 отзывов);В кредит;16 766 ₸;x24
Apple MacBook Air 13 MGND3 золотистый;449500;10;(177 отзывов);В рассрочку;37 459 ₸;x12
Apple MacBook Pro 14 MKGP3 серый;894990;10;(58 отзывов);В рассрочку;74 583 ₸;x12
Acer Aspire 3 A315-56 NX.HS5ER.02C черный;179900;9;(10 отзывов);В кредит;11 382 ₸;x24
Lenovo V15 G3 ABA 82TV005PRU черный;209990;10;(6 отзывов);В кредит;13 286 ₸;x24
ASUS FX506LHB-HN324 90NR03U2-M007U0 черный;479990;10;(29 отзывов);В кредит;30 368 ₸;x24
Acer Aspire 3 NX.ADDER.01S серебристый;213000;10;(2 отзыва);В кредит;13 476 ₸;x24
Apple MacBook Air 15 2023 MQKW3 синий;719875;10;(1 отзыв);В рассрочку;59 990 ₸;x12
Acer Aspire 3 A315-56 NX.HS5ER.02D черный;229000;10;(19 отзывов);В кредит;14 489 ₸;x24
ASUS Laptop 15 L510KA-EJ152 90NB0UJ4-M001S0 синий;159990;10;(18 отзывов);В кредит;10 123 ₸;x24
Apple MacBook Air 13 MGN93RU/A серебристый;494834;10;(37 отзывов);В рассрочку;41 237 ₸;x12
ASUS X515EA-BQ1189W 90NB0TY1-M25390 серый;238796;10;(49 отзывов);В кредит;15 108 ₸;x24
ASUS TUF Gaming F15 FX506HC 90NR0724-M00LS0 черный;372000;10;(22 отзыва);В кредит;23 536 ₸;x24
Lenovo V15 G3 IAP 82TT003SRU черный;179210;10;(8 отзывов);В кредит;11 338 ₸;x24
ASUS VivoBook 16X 90NB0Y81-M009B0 синий;268257;10;(22 отзыва);В кредит;16 972 ₸;x24
Apple MacBook Air 13 MLY33 черный;583739;10;(23 отзыва);В рассрочку;48 645 ₸;x12
ASUS Vivobook 16x M1603QA-MB309 90NB0Y81-M00KX0 синий;299990;10;(8 отзывов);В кредит;18 980 ₸;x24
HP 17-cp0081ur 4Z2M2EA серебристый;189900;9;(6 отзывов);В кредит;12 015 ₸;x24
Lenovo 82JK00LPRK Legion 5 15ITH6 темно-синий;469990;8;(4 отзыва);В кредит;29 735 ₸;x24
ASUS ROG Strix G15 G513IC-HN033 90NR0502-M007K0 черный;449904;10;(17 отзывов);В кредит;28 464 ₸;x24
Lenovo Legion 5 Pro 16IAH7H 82RF00QPRK серый;665000;10;(11 отзывов);В кредит;42 073 ₸;x24
HP 15s-eq1113ur 398K5EA серый;169900;10;(6 отзывов);В кредит;10 749 ₸;x24
Acer Nitro 5 AN515-57 NH.QELER.005 черный;489815;10;(28 отзывов);В кредит;30 989 ₸;x24
Apple MacBook Air 13 MLY13 золотистый;603469;10;(16 отзывов);В рассрочку;50 290 ₸;x12
Apple MacBook Air 13 MLXW3 серый;599315;10;(35 отзывов);В рассрочку;49 943 ₸;x12
Apple MacBook Pro 14 2023 MPHE3 серый;1066567;10;(7 отзывов);В рассрочку;88 881 ₸;x12
ASUS TUF Gaming A15 FA507RM-HN082 90NR09C1-M009B0 серый;499000;10;(4 отзыва);В кредит;31 570 ₸;x24
Lenovo 100e Chromebook Gen 3 82J8S01U00 серый;69930;9;(5 отзывов);В кредит;7 339 ₸;x12
Lenovo IdeaPad 3 15IGL05 81WQ00EMRK серый;143250;9;(49 отзывов);В кредит;9 063 ₸;x24
DEXP Aquilon C14-ICW201 серебристый;89990;10;(6 отзывов);В кредит;5 694 ₸;x24
ASUS FX707ZU4-HX044 90NR0FJ5-M002C0 черный;639980;10;(6 отзывов);В кредит;40 490 ₸;x24
ASUS Laptop 15 F515EA-BQ2187W 90NB0TY1-M01AZ0 серый;172380;9;(23 отзыва);В кредит;10 906 ₸;x24
Lenovo IdeaPad 3 15IAU7 82RK00EWRK серый;231790;10;(13 отзывов);В кредит;14 665 ₸;x24
Apple MacBook Pro 16 MK183 серый;957150;10;(35 отзывов);В рассрочку;79 763 ₸;x12
ASUS TUF Gaming F15 FX506HC 90NR0724-M00V30 черный;376996;10;(3 отзыва);В кредит;23 852 ₸;x24
HP 17-cp0101u 4E2H4EA серебристый;199990;10;(8 отзывов);В кредит;12 653 ₸;x24
ASUS X515JA-BQ4321 90NB0SR1-M02Z30 серый;264750;10;(7 отзывов);В кредит;16 750 ₸;x24
HP 15s-eq2099ur 5D647EA#ACB серебристый;299817;9;(6 отзывов);В кредит;18 969 ₸;x24
Lenovo IdeaPad 3 15IAU7 82RK00EYRK серый;197888;10;(17 отзывов);В кредит;12 520 ₸;x24
ASUS VivoBook 16X X1603ZA-MB110 90NB0WB1-M00C90 синий;309970;10;(13 отзывов);В кредит;19 611 ₸;x24
Apple MacBook Air 13 MGN63RU/A серый;459990;10;(18 отзывов);В рассрочку;38 333 ₸;x12
Colorful X15-XS 22-HD55C16512B-G-SA серый;391600;9;(4 отзыва);В кредит;24 776 ₸;x24
Acer Nitro 5 AN515-58 NH.QFJER.006 черный;495000;10;(27 отзывов);В кредит;31 317 ₸;x24
ASUS Laptop 15 F515EA-BQ2187W 90NB0TY1-M01AZ0 серый;172380;9;(23 отзыва);В кредит;10 906 ₸;x24
Lenovo IdeaPad 3 15IAU7 82RK00EWRK серый;231790;10;(13 отзывов);В кредит;14 665 ₸;x24
Apple MacBook Pro 16 MK183 серый;957150;10;(35 отзывов);В рассрочку;79 763 ₸;x12
ASUS TUF Gaming F15 FX506HC 90NR0724-M00V30 черный;376996;10;(3 отзыва);В кредит;23 852 ₸;x24
HP 17-cp0101u 4E2H4EA серебристый;199990;10;(8 отзывов);В кредит;12 653 ₸;x24
ASUS X515JA-BQ4321 90NB0SR1-M02Z30 серый;264750;10;(7 отзывов);В кредит;16 750 ₸;x24
HP 15s-eq2099ur 5D647EA#ACB серебристый;299817;9;(6 отзывов);В кредит;18 969 ₸;x24
Lenovo IdeaPad 3 15IAU7 82RK00EYRK серый;197888;10;(17 отзывов);В кредит;12 520 ₸;x24
ASUS VivoBook 16X X1603ZA-MB110 90NB0WB1-M00C90 синий;309970;10;(13 отзывов);В кредит;19 611 ₸;x24
Apple MacBook Air 13 MGN63RU/A серый;459990;10;(18 отзывов);В рассрочку;38 333 ₸;x12
Colorful X15-XS 22-HD55C16512B-G-SA серый;391600;9;(4 отзыва);В кредит;24 776 ₸;x24
Acer Nitro 5 AN515-58 NH.QFJER.006 черный;495000;10;(27 отзывов);В кредит;31 317 ₸;x24
ASUS X515EA-BQ3144W I385SUW1 90NB0TY1-M02ZL0 темно-серый;239986;10;(14 отзывов);В кредит;15 184 ₸;x24
Apple MacBook Pro 13 MNEH3 серый;646231;10;(31 отзыв);В рассрочку;53 853 ₸;x12
HP Omen 16-c0055ur 4Z2S2EA#ACB серебристый;499990;10;(1 отзыв);В кредит;31 633 ₸;x24
Neo 15U82 NK15U82 черный;149990;9;(6 отзывов);В кредит;9 490 ₸;x24
HP Victus 15-fa0032ci 799A5EA темно-серый;448980;10;(7 отзывов);В кредит;28 406 ₸;x24
ASUS Vivobook 15 X515EA-BQ1189 90NB0TY1-M31020 серый;190726;10;(11 отзывов);В кредит;12 067 ₸;x24
Lenovo V15 G2 ALC 82KD002URU черный;159990;10;(9 отзывов);В кредит;10 123 ₸;x24
ASUS X515EA-BQ1189WS 90NB0TY1-M03EH0 серый;209990;9;(10 отзывов);В кредит;13 286 ₸;x24
Lenovo IdeaPad 3 15IAU7 82RK00F0RK серый;279760;10;(9 отзывов);В кредит;17 700 ₸;x24
Lenovo V15 IGL 82C3001NAK серый;119994;9;(11 отзывов);В кредит;7 592 ₸;x24
Lenovo IdeaPad 3 15IGL05 81WQ00EKRK серый;131000;9;(36 отзывов);В кредит;8 288 ₸;x24
ASUS TUF FX506HC-HN105 90NR0724-M02760 черный;419990;10;(26 отзывов);В кредит;26 572 ₸;x24
Lenovo IdeaPad 1 15ADA7 82R10054RK серый;217000;10;(20 отзывов);В кредит;13 729 ₸;x24
HP 15s-fq5033ci 725V9EA серебристый;259888;10;;В кредит;16 443 ₸;x24
YEPO 737i6 серый;225000;10;(6 отзывов);В кредит;14 235 ₸;x24
HP 15s-fq5032ci 725W7EA серебристый;259890;9;(8 отзывов);В кредит;16 443 ₸;x24
Acer Aspire 3 A315-35 NX.A6LER.015 серебристый;208635;9;(10 отзывов);В кредит;13 200 ₸;x24
Lenovo Legion Pro 5 16IRX8 82WK005FRK темно-серый;799990;10;(5 отзывов);В кредит;50 613 ₸;x24
Apple MacBook Pro 13 MYD82 серый;666520;10;(151 отзыв);В рассрочку;55 544 ₸;x12
Chuwi HeroBook Pro 14.1 B08316YSKH серебристый;124990;9;(17 отзывов);В кредит;7 908 ₸;x24
Chuwi CoreBook X Pro 16G/512G i3-1215U серый;269990;10;(1 отзыв);В кредит;17 082 ₸;x24
ASUS TUF Gaming A15 FA507RM-HN003 90NR09C1-M009A0 серый;459990;0;;В кредит;29 102 ₸;x24
HP Victus 16-e0129ur 640B7EA синий;439900;9;(5 отзывов);В кредит;27 831 ₸;x24
Lenovo Legion 5 15ACH6 82JW00PMRU синий;478996;9;(8 отзывов);В кредит;30 305 ₸;x24
ASUS TUF Dash F15 FX517ZR-HN014 90NR0AV3-M002U0 черный;599990;10;(2 отзыва);В кредит;37 960 ₸;x24
Acer Aspire 3 A315-34 NX.HE3ER.006 черный;206851;9;(65 отзывов);В кредит;13 087 ₸;x24
Lenovo Legion 5 15ACH6 82JW00PLRU синий;508970;9;(2 отзыва);В кредит;32 201 ₸;x24
Lenovo IP 3 15ADA6 82KR0026RK серебристый;149670;10;(1 отзыв);В кредит;9 470 ₸;x24
Lenovo IdeaPad 3 15IAU7 82RK00AHRK серый;244990;9;(5 отзывов);В кредит;15 500 ₸;x24
Lenovo Legion 5 15IAH7H 82RB00PDRK серый;529990;10;(2 отзыва);В кредит;33 531 ₸;x24
ASUS TUF Gaming F15 FX506HM-HN148 90NR0753-M03770 серый;569970;10;(32 отзыва);В кредит;36 061 ₸;x24
Acer Extensa 15 EX215-31-C3FF NX.EFTER.00D черный;147700;10;(4 отзыва);В кредит;9 345 ₸;x24
Lenovo IdeaPad L3 15ITL6 82HL003MRU серебристый;225000;8;(7 отзывов);В кредит;14 235 ₸;x24
Lenovo V14-ADA 82C6S03900 серый;197000;10;(322 отзыва);В кредит;12 464 ₸;x24
Acer Aspire 3 A315-56-523A NX.HS5ER.006 черный;259988;10;(3 отзыва);В кредит;16 449 ₸;x24
Lenovo IdeaPad 1 15ADA7 82R10057RK серый;139990;10;(6 отзывов);В кредит;8 857 ₸;x24
Lenovo IdeaPad 1 15ADA7 82R10057RK серый;139990;10;(6 отзывов);В кредит;8 857 ₸;x24
Apple MacBook Air 15 2023 MQKX3 синий;869293;10;(3 отзыва);В рассрочку;72 442 ₸;x12
ASUS X515EA-BQ3166W 90NB0TY2-M02ZM0 темно-серый;269990;9;(9 отзывов);В кредит;17 082 ₸;x24
Huawei MateBook D 14 NbDE-WDH9 53013nyy серебристый;299207;10;(3 отзыва);В кредит;18 930 ₸;x24
ASUS FX707ZC4-HX014 90NR0GX1-M000K0 черный;469967;10;(5 отзывов);В кредит;29 734 ₸;x24
Apple MacBook Air 15 2023 MQKP3 темно-серый;750091;10;(1 отзыв);В рассрочку;62 508 ₸;x12
ASUS ROG Strix G15 G513IC-HN004 серый;486295;10;(8 отзывов);В кредит;30 767 ₸;x24
ASUS Vivobook Pro 15 M6500QH-HN075 90NB0YJ2-M003F0 серебристый;355238;10;(17 отзывов);В кредит;22 475 ₸;x24
Apple MacBook Pro 16 2023 MNW93 серый;1381450;10;(2 отзыва);В рассрочку;115 121 ₸;x12
ASUS VivoBook Go L510KA-EJ152 90NB0UJ4-M001S0 синий;159985;10;(1 отзыв);В кредит;10 122 ₸;x24
Apple MacBook Air 15 2023 MQKU3 золотистый;718939;10;(1 отзыв);В рассрочку;59 912 ₸;x12
Apple MacBook Air 15 2023 MQKR3 серебристый;719000;0;;В рассрочку;59 917 ₸;x12
Lenovo IdeaPad 3 82RK00EVRK серый;246470;10;(2 отзыва);В кредит;15 594 ₸;x24
Lenovo IdeaPad Slim 3 15ABR8 82XM0078RK серый;289990;10;(2 отзыва);В кредит;18 347 ₸;x24
Lenovo Legion 5 15IMH6 82NL00C2RK черный;489990;10;(7 отзывов);В кредит;31 000 ₸;x24
HP 15s-fq5035ci 725W0EA серебристый;229789;9;(15 отзывов);В кредит;14 538 ₸;x24
Acer Nitro 5 AN515-45 NH.QB9ER.004 черный;389990;10;(21 отзыв);В кредит;24 674 ₸;x24
Acer Extensa 15 EX215-31-C1JG NX.EFTER.00F черный;147700;10;;В кредит;9 345 ₸;x24
Chuwi GemiBook 13 B08HCS4C7F серый;149990;9;(11 отзывов);В кредит;9 490 ₸;x24
HP 15s-fq5042ci 79P27EA серебристый;214900;10;(3 отзыва);В кредит;13 596 ₸;x24
Chuwi CoreBook 8G/512G серый;209990;8;(6 отзывов);В кредит;13 286 ₸;x24
Lenovo IdeaPad Gaming 3 82K1015SRK черный;369900;10;(2 отзыва);В кредит;23 403 ₸;x24
ASUS TUF Dash F15 FX517ZM-HN093 90NR09Q3-M007B0 черный;595986;9;(18 отзывов);В кредит;37 706 ₸;x24
ASUS TUF Gaming A15 FA507RF-HN019 90NR0HA1-M002X0 серый;419900;10;(1 отзыв);В кредит;26 566 ₸;x24
Lenovo IdeaPad 3 82RK00EVRK серый;246470;10;(2 отзыва);В кредит;15 594 ₸;x24
Lenovo IdeaPad Slim 3 15ABR8 82XM0078RK серый;289990;10;(2 отзыва);В кредит;18 347 ₸;x24
Lenovo Legion 5 15IMH6 82NL00C2RK черный;489990;10;(7 отзывов);В кредит;31 000 ₸;x24
HP 15s-fq5035ci 725W0EA серебристый;229789;9;(15 отзывов);В кредит;14 538 ₸;x24
Acer Nitro 5 AN515-45 NH.QB9ER.004 черный;389990;10;(21 отзыв);В кредит;24 674 ₸;x24
Acer Extensa 15 EX215-31-C1JG NX.EFTER.00F черный;147700;10;;В кредит;9 345 ₸;x24
Chuwi GemiBook 13 B08HCS4C7F серый;149990;9;(11 отзывов);В кредит;9 490 ₸;x24
HP 15s-fq5042ci 79P27EA серебристый;214900;10;(3 отзыва);В кредит;13 596 ₸;x24
Chuwi CoreBook 8G/512G серый;209990;8;(6 отзывов);В кредит;13 286 ₸;x24
Lenovo IdeaPad Gaming 3 82K1015SRK черный;369900;10;(2 отзыва);В кредит;23 403 ₸;x24
ASUS TUF Dash F15 FX517ZM-HN093 90NR09Q3-M007B0 черный;595986;9;(18 отзывов);В кредит;37 706 ₸;x24
ASUS TUF Gaming A15 FA507RF-HN019 90NR0HA1-M002X0 серый;419900;10;(1 отзыв);В кредит;26 566 ₸;x24
Lenovo Ideapad 3 15IAU7 82RK00HWRK серый;239800;10;(11 отзывов);В кредит;15 172 ₸;x24
HP 15s-fq5045ci 6K3C4EA серебристый;459000;10;(20 отзывов);В кредит;29 040 ₸;x24
Lenovo IdeaPad 1 15IGL7 82V70019RK серый;139840;10;(2 отзыва);В кредит;8 848 ₸;x24
ASUS TUF Gaming A15 FA507NU-LP031 90NR0EB5-M003D0 серый;539980;9;(8 отзывов);В кредит;34 163 ₸;x24
Dream Machines RG3050Ti-15KZ33 черный;499884;0;;В кредит;31 626 ₸;x24
Acer Nitro 5 AN515-57 NH.QEKER.004 черный;458900;10;(52 отзыва);В кредит;29 033 ₸;x24
ASUS Vivobook M1603QA-MB511 90NBY82-M00F60 серебристый;268450;10;(7 отзывов);В кредит;16 984 ₸;x24
Acer Aspire 7 A715-42G NH.QE5ER.006 черный;499899;10;(18 отзывов);В кредит;31 627 ₸;x24
Lenovo IdeaPad 3 15ABA7 82RN00D1RK серый;209990;10;(2 отзыва);В кредит;13 286 ₸;x24
ASUS TUF FX507ZC4-HN009 90NR0GW1-M000P0 черный;459990;9;(6 отзывов);В кредит;29 102 ₸;x24
ASUS TUF Gaming F15 FX506LHB 90NR03U2-M007N0 черный;365990;9;(26 отзывов);В кредит;23 155 ₸;x24
ASUS TUF Gaming F15 FX506HE 90NR0704-M02050 черный;399990;10;(20 отзывов);В кредит;25 306 ₸;x24
Acer Nitro 5 AN515-46 NH.QGXER.005 черный;479000;10;(15 отзывов);В кредит;30 305 ₸;x24
Acer Swift 3 SF314-511 NX.ABLER.003 серебристый;261120;10;(8 отзывов);В кредит;16 521 ₸;x24
ASUS TUF Gaming F17 FX706HM-HX031 90NR0743-M02660 серый;564204;10;(17 отзывов);В кредит;35 696 ₸;x24
ASUS TUF Dash F15 FX517ZE-HN050 90NR0953-M00970 черный;548590;10;(4 отзыва);В кредит;34 708 ₸;x24
Huawei MateBook D 15 BoDE-WDH9 53013PEX серый;279414;10;(2 отзыва);В кредит;17 678 ₸;x24
ASUS Zenbook UM3402YA-KP313W 90NB0W95-M00KR0 черный;399990;9;(7 отзывов);В кредит;25 306 ₸;x24
Acer Aspire 3 A315-56-316X NX.HZRER.0WW черный;160400;10;(2 отзыва);В кредит;10 148 ₸;x24
HP Omen 16-b1012ci 6M882EA черный;459990;0;;В кредит;29 102 ₸;x24
Lenovo IdeaPad Gaming 3 82SC006DRK серый;449572;10;(15 отзывов);В кредит;28 443 ₸;x24
Lenovo IdeaPad 3 15ADA05 81W100RARK серый;189783;9;(64 отзыва);В кредит;12 007 ₸;x24
ASUS Vivobook Pro K6502ZC-MA102 90NB0Z61-M006T0 синий;559990;10;(4 отзыва);В кредит;35 429 ₸;x24
ZIK Computers W-1167S EDU 009zik белый;70000;8;(21 отзыв);В кредит;7 346 ₸;x12
Acer Nitro 5 AN515-46 NH.QGXER.005 черный;479000;10;(15 отзывов);В кредит;30 305 ₸;x24
Acer Swift 3 SF314-511 NX.ABLER.003 серебристый;261120;10;(8 отзывов);В кредит;16 521 ₸;x24
ASUS TUF Gaming F17 FX706HM-HX031 90NR0743-M02660 серый;564204;10;(17 отзывов);В кредит;35 696 ₸;x24
ASUS TUF Dash F15 FX517ZE-HN050 90NR0953-M00970 черный;548590;10;(4 отзыва);В кредит;34 708 ₸;x24
Huawei MateBook D 15 BoDE-WDH9 53013PEX серый;279414;10;(2 отзыва);В кредит;17 678 ₸;x24
ASUS Zenbook UM3402YA-KP313W 90NB0W95-M00KR0 черный;399990;9;(7 отзывов);В кредит;25 306 ₸;x24
Acer Aspire 3 A315-56-316X NX.HZRER.0WW черный;160400;10;(2 отзыва);В кредит;10 148 ₸;x24
HP Omen 16-b1012ci 6M882EA черный;459990;0;;В кредит;29 102 ₸;x24
Lenovo IdeaPad Gaming 3 82SC006DRK серый;449572;10;(15 отзывов);В кредит;28 443 ₸;x24
Lenovo IdeaPad 3 15ADA05 81W100RARK серый;189783;9;(64 отзыва);В кредит;12 007 ₸;x24
ASUS Vivobook Pro K6502ZC-MA102 90NB0Z61-M006T0 синий;559990;10;(4 отзыва);В кредит;35 429 ₸;x24
ZIK Computers W-1167S EDU 009zik белый;70000;8;(21 отзыв);В кредит;7 346 ₸;x12
HP Victus 16-e0092ur 4M087EA синий;358890;10;(1 отзыв);В кредит;22 706 ₸;x24
ASUS Vivobook M1603QA-MB071 90NB0Y81-M00FV0 синий;299990;10;(2 отзыва);В кредит;18 980 ₸;x24
Apple MacBook Pro 16 2023 MNWC3 серебристый;1254169;0;;В рассрочку;104 515 ₸;x12
Chuwi CoreBook X 8G/512G серый;189990;9;(13 отзывов);В кредит;12 021 ₸;x24
Lenovo IdeaPad 3 15ADA6 82KR00BRRK серый;146989;10;;В кредит;9 300 ₸;x24
ASUS Vivobook 16X M1603QA-MB102 90NB0Y82-M00AM0 серый;349980;9;(3 отзыва);В кредит;22 143 ₸;x24
Neo 151G серый;174980;9;(38 отзывов);В кредит;11 071 ₸;x24
Lenovo IdeaPad Gaming 3 15IHU6 82K1005ARK черный;387769;10;(52 отзыва);В кредит;24 533 ₸;x24
HP 15s-fq3051ur 6D7R5EA#ACB серебристый;252890;9;(22 отзыва);В кредит;16 000 ₸;x24
Lenovo IdeaPad 3 15ABA7 82RN00CQRK серый;259990;10;(3 отзыва);В кредит;16 449 ₸;x24
Lenovo IdeaPad L3 15ITL6 82HL002FRK серый;193033;9;(13 отзывов);В кредит;12 213 ₸;x24
HP 15s-eq1150ur 22Q32EA серый;169900;9;(5 отзывов);В кредит;10 749 ₸;x24
Apple MacBook Pro 16 2023 MNW83 серый;1234120;7;(2 отзыва);В рассрочку;102 844 ₸;x12
GIGABYTE AORUS 7 9KF-E3KZ513SD серый;622101;9;(4 отзыва);В кредит;39 359 ₸;x24
Lenovo IdeaPad Slim 3 14AMN8 82XN003BRK серебристый;195500;0;;В кредит;12 369 ₸;x24
Lenovo IdeaPad 1 15IGL7 82V7001ARK серый;129990;9;(3 отзыва);В кредит;8 225 ₸;x24
Lenovo IdeaPad Slim 3 15AMN8 82XQ007FRK серебристый;219990;9;(2 отзыва);В кредит;13 918 ₸;x24
ASUS ZENBOOK 90NB0W95-M00JY0 черный;324990;10;(2 отзыва);В кредит;20 561 ₸;x24
Lenovo Ideapad 3 15IGL05 81WQ001XRK серый;136890;9;(46 отзывов);В кредит;8 661 ₸;x24
GIGABYTE G5 KF KF-E3KZ313SD черный;556600;9;(7 отзывов);В кредит;35 215 ₸;x24
Lenovo IdeaPad 3 15ALC6 82KU009JRK серый;169990;8;(3 отзыва);В кредит;10 755 ₸;x24
Lenovo IdeaPad Gaming 3 15IHU6 82K10012RK черный;509777;10;(13 отзывов);В кредит;32 252 ₸;x24
Acer Nitro 5 AN515-46 NH.QGZER.009 черный;749790;10;(5 отзывов);В кредит;47 437 ₸;x24
Lenovo IdeaPad 3 15IAU7 82RK00HVRK серый;189980;9;(4 отзыва);В кредит;12 020 ₸;x24
ASUS TUF Gaming A15 FA506IHRB-HN084 90NR07G7-M008C0 черный;377000;10;(30 отзывов);В кредит;23 852 ₸;x24
Aсer Aspire A315-56-53DR NX.HS5ER.012 черный;264695;10;;В кредит;16 747 ₸;x24
Acer A315-35-C7AH NX.A6LEM.004 серый;199988;10;(1 отзыв);В кредит;12 653 ₸;x24
Lenovo IdeaPad Slim 3 15IAN8 82XB0015RK серебристый;209798;0;;В кредит;13 274 ₸;x24
DEXP Aquilon C15-ICW202 серебристый;117490;10;(1 отзыв);В кредит;7 434 ₸;x24
Lenovo IdeaPad 1 15IGL7 82V7001ERK серебристый;159990;10;(1 отзыв);В кредит;10 123 ₸;x24
HP ENVY 13-ba1046ur 60P10EA серебристый;349890;10;(2 отзыва);В кредит;22 137 ₸;x24
Huawei MateBook 14 KLVL-W56W 53013MNG серый;599990;10;;В кредит;37 960 ₸;x24
ASUS Vivobook Pro 15 K6502ZC-MA097 90NB0Z62-M006M0 серебристый;479990;10;(2 отзыва);В кредит;30 368 ₸;x24
Lenovo IdeaPad Gaming 3 15IHU6 82K10013RK черный;361500;10;(5 отзывов);В кредит;22 871 ₸;x24
Lenovo IP3 15ABA7 82RK00AGRK темно-синий;296989;0;;В кредит;18 790 ₸;x24
Lenovo IdeaPad 3 15IAU7 82RK00B2RK серый;204990;10;(5 отзывов);В кредит;12 970 ₸;x24
Apple MacBook Pro 13 MNEQ3 серебристый;778731;10;(7 отзывов);В рассрочку;64 895 ₸;x12
ASUS ROG Strix G513 90NR0502-M00050 черный;547059;10;(36 отзывов);В кредит;34 611 ₸;x24
Lenovo Legion 5 17ACH6 82K000ABRU темно-синий;449990;10;(4 отзыва);В кредит;28 470 ₸;x24
Colorful X15-XS 22 синий;458000;0;;В кредит;28 977 ₸;x24
Lenovo IdeaPad Gaming 3 15ACH6 82K2002ERK черный;469900;10;(4 отзыва);В кредит;29 729 ₸;x24
ASUS P1512CEA-BQ0218W 90NX05E1-M00830 серый;499990;10;(10 отзывов);В кредит;31 633 ₸;x24
Acer Aspire 3 A315-58G NX.ADUER.00X серебристый;259980;10;(14 отзывов);В кредит;16 449 ₸;x24
Apple MacBook Pro 13 MNEJ3 серый;761384;10;(11 отзывов);В рассрочку;63 449 ₸;x12
Lenovo Legion 5 15IMH6 82NL00BXRK черный;519970;9;(4 отзыва);В кредит;32 897 ₸;x24
ASUS TUF Gaming F17 FX706HF-HX014 90NR0HC4-M001M0 черный;428607;10;(5 отзывов);В кредит;27 117 ₸;x24
HP ENVY 13-BA1023UR 63Z10EA коричневый;407990;0;;В кредит;25 813 ₸;x24
HP Laptop 15s-fq3027ur 3T796EA серый;149900;8;(2 отзыва);В кредит;9 484 ₸;x24
Lenovo Legion 5 15IMH6 82NL00BXRK черный;519970;9;(4 отзыва);В кредит;32 897 ₸;x24
Xiaomi Redmibook 15 XMA2101-BN/JYU4532RU серый;329970;10;(5 отзывов);В кредит;20 877 ₸;x24
Lenovo Legion 5 15IAH7H 82RB00PERK серый;619990;10;(8 отзывов);В кредит;39 225 ₸;x24
ASUS VivoBook X515EA-BQ3469 90NB0TY1-M03LA0 серый;229700;0;;В кредит;14 533 ₸;x24
ASUS ExpertBook B1 B1500 90NX0441-M23770 черный;173301;10;;В кредит;10 965 ₸;x24
Xiaomi RedmiBook 15 XMA2101-BN JYU4525RU серый;249970;9;(9 отзывов);В кредит;15 815 ₸;x24
Lenovo IdeaPad L3 15ITL6 82HL002HRK серебристый;279989;8;(13 отзывов);В кредит;17 714 ₸;x24
Apple MacBook Air 13 MLXX3 серый;753000;10;(11 отзывов);В рассрочку;62 750 ₸;x12
HP 15s-eq1349ur 491L4EA серый;247790;10;(7 отзывов);В кредит;15 677 ₸;x24
Lenovo 14ADA05 81W000VKRU синий;229890;10;(2 отзыва);В кредит;14 545 ₸;x24
Lenovo Legion S7 16IAH7 82TF0061RK серый;659990;10;(3 отзыва);В кредит;41 756 ₸;x24
Lenovo IdeaPad 3 14ITL6 82H701AJRU темно-синий;151994;10;(2 отзыва);В кредит;9 617 ₸;x24
Acer Nitro 5 AN515-58-74XD NH.QFMER.00D черный;599980;9;(15 отзывов);В кредит;37 959 ₸;x24
ASUS Vivobook Pro 15 M6500QC-MA145 90NB0YN1-M008R0 темно-синий;442969;10;(2 отзыва);В кредит;28 026 ₸;x24
Lenovo IdeaPad 3 15ALC6 82KU01PSRU серый;259990;7;(2 отзыва);В кредит;16 449 ₸;x24
Huawei MateBook D 15 BoDE-WDH9 53013PAB серый;299245;10;;В кредит;18 933 ₸;x24
Lenovo IdeaPad 3 15ALC6 82KU01PTRU серый;219990;6;(1 отзыв);В кредит;13 918 ₸;x24
HP Pavilion 15-eg0160ur 5B7Z5EA серебристый;292900;0;;В кредит;18 531 ₸;x24
ASUS X515EA-BQ970 90NB0TY2-M02ZN0 серебристый;329580;10;(22 отзыва);В кредит;20 852 ₸;x24
Lenovo IdeaPad 3 15IAU7 82RK00HXRK серый;398999;10;(5 отзывов);В кредит;25 244 ₸;x24
Lenovo IdeaPad 3 15ABA7 82RN00AHRK темно-синий;204990;8;(3 отзыва);В кредит;12 970 ₸;x24
Chuwi CoreBook X Pro 4C8T 8G/256G серый;219990;10;(1 отзыв);В кредит;13 918 ₸;x24
HP Pavilion 15-eg2011ci 6G7Z6EA синий;899990;10;;В кредит;56 940 ₸;x24
HP 255 G8 5N322ES черный;304200;10;(1 отзыв);В кредит;19 246 ₸;x24
ASUS X1702ZA-AU154W 90NB0WZ1-M00630 серебристый;284990;10;(5 отзывов);В кредит;18 031 ₸;x24
ASUS TUF Gaming A15 FA507RR-HQ007 90NR0B31-M005D0 серый;599990;0;;В кредит;37 960 ₸;x24
Acer Aspire NX.ADDER.01Z серебристый;229990;10;(1 отзыв);В кредит;14 551 ₸;x24
ASUS Vivobook Pro15 M6500QC-HN058 90NB0YN1-M004T0 синий;369900;9;(28 отзывов);В кредит;23 403 ₸;x24
Acer Aspire 3 A315-56 NX.HS5ER.02K черный;166900;10;(9 отзывов);В кредит;10 560 ₸;x24
Lenovo Legion 5 Pro 16ARH7H 82RG00GGRK серый;698990;9;(5 отзывов);В кредит;44 223 ₸;x24
YEPO 737A6 J3455 серый;129998;9;(24 отзыва);В кредит;8 225 ₸;x24
Apple MacBook Pro 16 MK193 серый;1027997;10;(17 отзывов);В рассрочку;85 667 ₸;x12
Lenovo V15 G3 82TT0047RU черный;229990;9;(3 отзыва);В кредит;14 551 ₸;x24
HP Victus 16-e0121ur 5A9G9EA серебристый;479990;0;;В кредит;30 368 ₸;x24
Lenovo IdeaPad Slim 3 14AMN8 82XN0008RK серебристый;189990;0;;В кредит;12 021 ₸;x24
Neo 15U WH15U-I5 серый;175555;9;(43 отзыва);В кредит;11 107 ₸;x24
ASUS X515JA-BQ3253 90NB0SR1-M02LC0 серый;269890;9;(17 отзывов);В кредит;17 075 ₸;x24
ASUS TUF Gaming A15 FA506ICB-HN105 90NR0667-M00BL0 черный;579990;10;(29 отзывов);В кредит;36 694 ₸;x24
Apple MacBook Air 15 2023 MQKQ3 темно-серый;860539;10;(2 отзыва);В рассрочку;71 712 ₸;x12
Apple MacBook Air 13 MLY23 золотистый;744433;10;(8 отзывов);В рассрочку;62 037 ₸;x12
Apple MacBook Air 13 MLY03 серебристый;774577;10;(2 отзыва);В рассрочку;64 549 ₸;x12
Lenovo Legion 5 82RB00NVRK серый;598990;10;(8 отзывов);В кредит;37 897 ₸;x24
ASUS X515EA-EJ1413 90NB0TY1-M03EY0 серый;199900;0;;В кредит;12 647 ₸;x24
ASUS ROG Strix G16 G614JZ-N3030W 90NR0CZ1-M00240 серый;1059990;0;;В кредит;67 062 ₸;x24
Huawei MateBook D15 BohrD-WFH9C серый;369990;9;(6 отзывов);В кредит;23 408 ₸;x24
Lenovo IdeaPad 3 15ABA7 82RN00AQRK серый;299900;10;(2 отзыва);В кредит;18 974 ₸;x24
ASUS Vivobook 15X X1503ZA-L1147W 90NB0WY1-M008V0 темно-синий;409900;10;(10 отзывов);В кредит;25 933 ₸;x24
Apple MacBook Pro 16 Z14V0008D серый;1396390;10;(1 отзыв);В рассрочку;116 366 ₸;x12
Huawei MateBook D 15 BohrD-WDI9A серый;259990;10;(11 отзывов);В кредит;16 449 ₸;x24
Acer Swift 1 SF114-34 NX.A75ER.004 золотистый;219990;9;(8 отзывов);В кредит;13 918 ₸;x24
Huawei MateBook D15 BohrD-WDH9C серый;279990;10;(16 отзывов);В кредит;17 714 ₸;x24
Apple MacBook Air 13 Z15S000NB серый;659980;10;(13 отзывов);В рассрочку;54 999 ₸;x12
HP ProBook 450 G9 6A1T9EA серебристый;515308;10;;В кредит;32 602 ₸;x24
Lenovo IdeaPad 3 81WQ005BRK серый;155000;10;(5 отзывов);В кредит;9 807 ₸;x24
ASUS Vivobook X1404ZA-EB140 90NB1001-M00540 синий;213482;10;(1 отзыв);В кредит;13 507 ₸;x24
HP 15s-eq2039ur R585SUN 4A724EA серебристый;219990;9;(5 отзывов);В кредит;13 918 ₸;x24
Dream Machines RG3070-15KZ25 черный;1199990;10;;В кредит;75 920 ₸;x24
ASUS ROG Strix G16 G614JV-N4071 90NR0C61-M005R0 серый;799990;10;(2 отзыва);В кредит;50 613 ₸;x24
Lenovo IdeaPad Gaming 3 15IHU6 82K100Y7RU черный;399900;10;(1 отзыв);В кредит;25 301 ₸;x24
Acer Predator Helios PH317-56 NH.QGFER.003 черный;749990;10;(6 отзывов);В кредит;47 450 ₸;x24
Lenovo Legion 5 15ITH6H 82JH00KGRK темно-синий;499940;10;(3 отзыва);В кредит;31 630 ₸;x24
Lenovo IdeaPad Gaming 3 15IHU6 82K100Y7RU черный;399900;10;(1 отзыв);В кредит;25 301 ₸;x24
Lenovo IdeaPad 1 15ADA7 82R10052RK серый;165510;9;(3 отзыва);В кредит;10 472 ₸;x24
Acer Aspire 3 A315-59 NX.K6TER.002 серебристый;252260;10;(3 отзыва);В кредит;15 960 ₸;x24
Acer Extensa 15 EX215-52 NX.EG8ER.00B черный;219990;9;(28 отзывов);В кредит;13 918 ₸;x24
ASUS ROG Strix G15 G513RM 90NR0845-M00SW0 серый;662670;8;(2 отзыва);В кредит;41 925 ₸;x24
Lenovo IdeaPad V15 Gen 3 IAP 82TT000VRU черный;207597;8;;В кредит;13 134 ₸;x24
Acer Aspire 3 A315-58 NX.ADDER.01C серебристый;219980;10;(4 отзыва);В кредит;13 918 ₸;x24
ASUS GU604VI-N4036W 90NR0BW3-M00520 черный;1999990;0;;В кредит;126 533 ₸;x24
Huawei MateBook D15 BohrD-WFE9A серый;429990;10;(7 отзывов);В кредит;27 204 ₸;x24
Lenovo V15 G3 ABA 82TV003TRU черный;219990;0;;В кредит;13 918 ₸;x24
HP Victus 16-e0143ur 65B10EA серебристый;429990;10;(3 отзыва);В кредит;27 204 ₸;x24
ASUS GU604VI-N4036W 90NR0BW3-M00520 черный;1999990;0;;В кредит;126 533 ₸;x24
Lenovo IdeaPad 3 15ABA7 82RN00AKRK серый;255990;10;(3 отзыва);В кредит;16 196 ₸;x24
HP Victus 16-e0143ur 65B10EA серебристый;429990;10;(3 отзыва);В кредит;27 204 ₸;x24
Lenovo IdeaPad 3 15ALC6 82KU01S5RK серый;211299;9;(2 отзыва);В кредит;13 369 ₸;x24
ASUS X515EA-BQ1189 90NB0TY1-M31020 серебристый;181410;0;;В кредит;11 478 ₸;x24
ASUS TUF Gaming A17 FA707NU-HX018W 90NR0EF5-M00140 темно-серый;667970;10;(2 отзыва);В кредит;42 261 ₸;x24
Acer Aspire 3 A315-56 NX.HS5ER.003 черный;263735;10;(12 отзывов);В кредит;16 686 ₸;x24
Acer Aspire 5 A515 NX.A84ER.00M серебристый;288205;10;;В кредит;18 234 ₸;x24
MSI Katana GF76 11UC-873XGE 9S7-17L212-873 черный;449990;10;(1 отзыв);В кредит;28 470 ₸;x24
Apple MacBook Pro 14 2023 MPHH3 серебристый;1084346;9;(3 отзыва);В рассрочку;90 363 ₸;x12
ASUS Vivobook X OLED X1503ZA-L1232 90NB0WY1-M00NL0 синий;406980;10;(2 отзыва);В кредит;25 749 ₸;x24
Apple MacBook Air 13 Z15Y000LC золотистый;844460;9;(2 отзыва);В рассрочку;70 372 ₸;x12
HP Victus 16-e0080ur 4E1L2EA синий;538225;10;(5 отзывов);В кредит;34 052 ₸;x24
Dream Machines RG3060-15KZ20 черный;699999;10;;В кредит;44 287 ₸;x24
ASUS TUF F15 FX506L M05370 серый;447790;10;(2 отзыва);В кредит;28 331 ₸;x24
Acer Swift X SFX-16-51G NX.AYLER.003 серый;399990;9;(5 отзывов);В кредит;25 306 ₸;x24
ASUS ROG Strix G16 90NR0CC1-M00B00 серый;699990;9;(6 отзывов);В кредит;44 286 ₸;x24
HP 16-d1077ci 79P29EA#UUQ белый;399990;0;;В кредит;25 306 ₸;x24
Apple MacBook Air 13 Z15Y000LC золотистый;844460;9;(2 отзыва);В рассрочку;70 372 ₸;x12
ASUS 90NB1021-M003H0 90NB1021-M003H0 голубой;239990;10;(6 отзывов);В кредит;15 184 ₸;x24
Acer Predator Helios PH317-56 NH.QGVER.001 черный;579990;10;(3 отзыва);В кредит;36 694 ₸;x24
Lenovo IdeaPad 3 15IAU7 82RK00L4RK серый;299490;9;(2 отзыва);В кредит;18 948 ₸;x24
Lenovo Legion 5 15IAH7H 82RB00PFRK серый;599990;10;(4 отзыва);В кредит;37 960 ₸;x24
ASUS Vivobook X OLED X1503ZA-L1232 90NB0WY1-M00NL0 синий;406980;10;(2 отзыва);В кредит;25 749 ₸;x24
Huawei MateBook D16 ROLLEF-W5651 серый;459990;9;(16 отзывов);В кредит;29 102 ₸;x24
Apple MacBook Air 13 MLY43 черный;759494;10;(10 отзывов);В рассрочку;63 292 ₸;x12
Apple MacBook Pro 14 2023 MPHF3 серый;1375277;10;(1 отзыв);В рассрочку;114 607 ₸;x12
MSI GF63 Thin 11UC-1229XGE 9S7-16R612-1229 черный;411165;0;;В кредит;26 013 ₸;x24
ASUS X1500EA-BQ2259W 90NB0TY5-M038F0 черный;249900;10;;В кредит;15 811 ₸;x24
Lenovo V15 G3 IAP 82TT0048RU черный;269990;0;;В кредит;17 082 ₸;x24
Lenovo IdeaPad Gaming 3 16IAH7 82SA00DDRK темно-серый;475122;0;;В кредит;30 060 ₸;x24
Acer Aspire 3 A315-56-399N NX.HS5ER.02E черный;199888;10;(6 отзывов);В кредит;12 647 ₸;x24
ASUS Vivobook Pro 15 M6500QC-MA146W 90NB0YN1-M008S0 темно-синий;529990;10;(1 отзыв);В кредит;33 531 ₸;x24
Acer Aspire 7 A715-42G NH.QE5ER.001 черный;453600;9;(19 отзывов);В кредит;28 698 ₸;x24
Great Asia TK-E140J3 512GB серебристый;159000;10;(3 отзыва);В кредит;10 060 ₸;x24
ASUS X515EA-BQ1949W 90NB0TY3-M00LS0 синий;209418;10;(3 отзыва);В кредит;13 250 ₸;x24
ASUS ExpertBook B1 B1500CEAE-BQ2000T 90NX0441-M23780 синий;226420;10;(7 отзывов);В кредит;14 325 ₸;x24
HP Victus 16-e1050ci 6K3C9EA черный;536789;10;(6 отзывов);В кредит;33 961 ₸;x24
Lenovo IdeaPad Gaming 3 15ACH6 82K201R0RK черный;677942;10;(2 отзыва);В кредит;42 892 ₸;x24
ASUS TUF Gaming F15 FX506HF-HN017 90NR0HB4-M00420 черный;379990;10;(15 отзывов);В кредит;24 041 ₸;x24
HP 17-cn0045ur 444X1EA серебристый;298887;9;(1 отзыв);В кредит;18 910 ₸;x24
HP 250 G8 27J88EA черный;332490;0;;В кредит;21 036 ₸;x24
HP Europe Pavilion 15S-EQ3068CI 725Z0EA серебристый;349480;10;(17 отзывов);В кредит;22 111 ₸;x24
ASUS Vivobook Pro 15 OLED K6500ZC-MA359 90NB0XK1-M00MJ0 темно-синий;590110;10;(10 отзывов);В кредит;37 335 ₸;x24
HP Victus 15-fb0034ci 6M878EA черный;349900;10;(1 отзыв);В кредит;22 137 ₸;x24
ASUS X515EA-BQ3272W 90NB0TY1-M038P0 серый;299990;10;(7 отзывов);В кредит;18 980 ₸;x24
ASUS X515EA-BQ3270 90NB0TY1-M038M0 серый;289890;10;(10 отзывов);В кредит;18 341 ₸;x24
Lenovo IdeaPad 5 Pro 14ARH7 82SJ0065RK серый;399990;10;(2 отзыва);В кредит;25 306 ₸;x24
HP Pavilion Aero 13-be1021ci 6K354EA серебристый;481960;10;(4 отзыва);В кредит;30 492 ₸;x24
Lenovo Legion 5 Pro 16ACH6H 82JQ00C8RK серый;699990;10;(37 отзывов);В кредит;44 286 ₸;x24
Lenovo V15 G3 IAP 82TT0041RU черный;347970;10;(1 отзыв);В кредит;22 015 ₸;x24
Lenovo IdeaPad 3 15ALC6 82KU002VRK серый;299990;10;(11 отзывов);В кредит;18 980 ₸;x24
Huawei MateBook D14 NobelD-WDH9D серый;369990;10;(25 отзывов);В кредит;23 408 ₸;x24
ASUS ROG Strix G15 G513IE-HN004 90NR0582-M01010 черный;567990;9;(11 отзывов);В кредит;35 935 ₸;x24
Acer Extensa 15 EX215-31-C4BN NX.EFTER.00G черный;159990;8;(47 отзывов);В кредит;10 123 ₸;x24
ASUS Vivobook 15X OLED X1503ZA-L1491W 90NB0WY2-M00P60 серебристый;303946;9;(7 отзывов);В кредит;19 230 ₸;x24
Acer Aspire EX215-52-36GF NX.EG8ER.01U черный;209900;10;(35 отзывов);В кредит;13 280 ₸;x24
HP Elite Dragonfly G3 5P6P8EA серый;874956;0;;В кредит;55 356 ₸;x24
ASUS ExpertBook B1 B1400 B1400CEAE-EB2613R синий;244656;10;(4 отзыва);В кредит;15 479 ₸;x24
Lenovo V15 G2 ITL 82KB00MMRU серый;249566;10;;В кредит;15 790 ₸;x24
Lenovo IdeaPad 3 15IGL05 81WQ00ELRK серый;209799;9;(27 отзывов);В кредит;13 274 ₸;x24
MSI Alpha 15 B5EEK-089XKZ черный;532430;6;(1 отзыв);В кредит;33 685 ₸;x24
Acer Aspire 3 A315 NX.ADDER.01A серебристый;367603;6;(1 отзыв);В кредит;23 257 ₸;x24
Lenovo IdeaPad 3 82H802QARK серый;309790;0;;В кредит;19 600 ₸;x24
HP ProBook 440 G9 UMA 6A2H5EA серебристый;437858;10;(1 отзыв);В кредит;27 702 ₸;x24
Apple MacBook Pro 16 MK1E3 серебристый;1089334;10;(12 отзывов);В рассрочку;90 778 ₸;x12
Gateway Ultra Slim GAT-GWNC31514-BL синий;142000;0;;В кредит;8 984 ₸;x24
Huawei MateBook D15 BohrM-WDQ9B серебристый;269990;10;(9 отзывов);В кредит;17 082 ₸;x24
Lenovo Legion 5 Pro 16ACH6H 82JQ010CRK серый;696730;10;(10 отзывов);В кредит;44 080 ₸;x24
LG gram 16Z90P-G.AH85R темно-серый;806290;0;;В кредит;51 012 ₸;x24
ASUS Vivobook Go 15 E510KA-EJ135W 90NB0UJ3-M00AX0 белый;299990;10;(4 отзыва);В кредит;18 980 ₸;x24
ASUS Vivobook Go E1504FA-BQ091 90NB0ZR2-M005B0 черный;199990;0;;В кредит;12 653 ₸;x24
Huawei MateBook D15 BoD-WDI9 серый;498990;10;(5 отзывов);В кредит;31 570 ₸;x24
Huawei MateBook D 15 53013HSR серебристый;599990;9;(2 отзыва);В кредит;37 960 ₸;x24
Acer Extensa EX215-52-36UB NX.EG8ER.005 черный;249990;10;(1 отзыв);В кредит;15 816 ₸;x24
Lenovo Ideapad L3 15IML05 81Y30021RK серебристый;259990;9;(4 отзыва);В кредит;16 449 ₸;x24
HP Victus 15-fa0016ci 6K5S1EA черный;399900;10;(1 отзыв);В кредит;25 301 ₸;x24
Lenovo Legion 7 16ARHA7 82UH005KRK серый;899990;10;(1 отзыв);В кредит;56 940 ₸;x24
Lenovo Legion 5 15ITH6H 82JH00L9RK темно-синий;649990;10;(11 отзывов);В кредит;41 123 ₸;x24
ASUS X515JA-EJ2120W 90NB0SR1-M00HL0 серый;357790;10;(1 отзыв);В кредит;22 637 ₸;x24
Apple MacBook Pro 16 MNW83RU/A серый;1459990;0;;В рассрочку;121 666 ₸;x12
ASUS Laptop 14 X409FA 90NB0MS2-M09110 серый;268999;9;(6 отзывов);В кредит;17 019 ₸;x24
ASUS X515EA-BQ321 90NB0TY1-M00RC0 серый;267590;10;(8 отзывов);В кредит;16 930 ₸;x24
Lenovo Legion 5 Pro 16ACH6H 82JQ010DRK серый;619990;10;(2 отзыва);В кредит;39 225 ₸;x24
ASUS Laptop 14 X409FA 90NB0MS2-M09110 серый;268999;9;(6 отзывов);В кредит;17 019 ₸;x24
ASUS X515EA-BQ321 90NB0TY1-M00RC0 серый;267590;10;(8 отзывов);В кредит;16 930 ₸;x24
Apple MacBook Pro 16 MNW83RU/A серый;1459990;0;;В рассрочку;121 666 ₸;x12
Lenovo Legion 5 Pro 16ACH6H 82JQ010DRK серый;619990;10;(2 отзыва);В кредит;39 225 ₸;x24
HP Victus 16-e0132ur 640C0EA серый;399990;0;;В кредит;25 306 ₸;x24
Lenovo Yoga Slim 7 Pro 16ARH7 82UW003HRU серый;549990;10;;В кредит;34 796 ₸;x24
Lenovo Legion 5 Pro 16ARH7H 82RG00GQRK серый;719990;0;;В кредит;45 552 ₸;x24
Lenovo IdeaPad 1 15ADA7 82R10053RK серебристый;139990;9;(1 отзыв);В кредит;8 857 ₸;x24
HP Omen 16-b1017ci 6M883EA черный;649990;9;(7 отзывов);В кредит;41 123 ₸;x24
ASUS ZenBook UX3402ZA-KM302W 90NB0WC1-M00NP0 синий;459980;10;(9 отзывов);В кредит;29 102 ₸;x24
ASUS Zenbook 14X UX5401ZA-KN178W 90NB0WM1-M00950 темно-серый;599990;10;(5 отзывов);В кредит;37 960 ₸;x24
Lenovo IdeaPad 5 Pro 14ITL6 82L30084RK серый;499990;9;(3 отзыва);В кредит;31 633 ₸;x24
ASUS VivoBook K5504VA-MA091W 90NB0ZK2-M003X0 серый;619990;10;;В кредит;39 225 ₸;x24
Lenovo Legion 5 Pro 16IAH7H 82RF00QQRK серый;749990;10;(3 отзыва);В кредит;47 450 ₸;x24
Lenovo IdeaPad 5 Pro 14ITL6 82L30084RK серый;499990;9;(3 отзыва);В кредит;31 633 ₸;x24
Lenovo Ideapad Gaming 3 15IAH7 82S900CYRK черный;409980;0;;В кредит;25 939 ₸;x24
HP ProBook 450 G9 6S6W8EA серебристый;352373;0;;В кредит;22 294 ₸;x24
Lenovo IdeaPad Gaming 3 82SA00DERK серый;399790;0;;В кредит;25 294 ₸;x24
HP Europe EliteBook 840 G9 6T131EA серый;684125;0;;В кредит;43 283 ₸;x24
Acer Aspire A315-56-30HC NX.HS5ER.017 черный;228887;10;(2 отзыва);В кредит;14 481 ₸;x24
Apple MacBook Pro 16 2023 MNWE3 серебристый;2141742;10;(1 отзыв);В рассрочку;178 479 ₸;x12
Apple MacBook Pro 14 MKGQ3 серый;1101935;10;(22 отзыва);В рассрочку;91 828 ₸;x12
ASUS VivoBook 15X OLED X1503ZA-L1493 90NB0WY1-M00P90 синий;294990;10;(6 отзывов);В кредит;18 663 ₸;x24
Dream Machines RG3060-15KZ33 черный;599970;0;;В кредит;37 959 ₸;x24
ASUS VivoBook 15X OLED X1503ZA-L1493 90NB0WY1-M00P90 синий;294990;10;(6 отзывов);В кредит;18 663 ₸;x24
ASUS Zenbook S 13 Flip UP5302ZA-LX364W 90NB0VV2-M00F00 белый;614895;8;;В кредит;38 903 ₸;x24
Dream Machines RG3060-15KZ33 черный;599970;0;;В кредит;37 959 ₸;x24
HP VICTUS 16-E1047CI 725W5EA темно-серый;429890;10;(2 отзыва);В кредит;27 198 ₸;x24
ASUS X515JF 90NB0SW1-M000H0 серый;219990;9;(25 отзывов);В кредит;13 918 ₸;x24
Lenovo IdeaPad 3 15ITL6 82H802CBRK серый;169970;10;(1 отзыв);В кредит;10 754 ₸;x24
Lenovo V15 G2 ITL 82KB0001RU черный;399990;10;(8 отзывов);В кредит;25 306 ₸;x24
DELL Vostro 5620 210-BDBL-9 серый;562960;0;;В кредит;35 617 ₸;x24
ASUS L510KA-EJ162W 90NB0UJ4-M002L0 синий;165000;0;;В кредит;10 439 ₸;x24
Lenovo IdeaPad 3 15ITL6 82H8005GRK серебристый;179900;9;(15 отзывов);В кредит;11 382 ₸;x24
ASUS Vivobook Pro 16 K6602VU-MX126 90NB1151-M00650 темно-синий;729990;10;(1 отзыв);В кредит;46 184 ₸;x24
Huawei MateBook D15 BohrD-WDH9DL серый;299990;10;(16 отзывов);В кредит;18 980 ₸;x24
ASUS ROG Zephyrus M16 GU604VI-N4034 90NR0BW1-M00460 черный;1599990;10;;В кредит;101 226 ₸;x24
Lenovo IdeaPad 3 15ALC6 82KU01S4RK серый;249900;9;(7 отзывов);В кредит;15 811 ₸;x24
ASUS TUF Gaming F15 FX506HC-HN006 черный;472398;10;(5 отзывов);В кредит;29 887 ₸;x24
HP Europe ProBook 450 G8 1A888AV серебристый;524047;0;;В кредит;33 155 ₸;x24
ASUS Vivoobook Pro K6602ZC-N1117 90NB0Z51-M00580 синий;479990;9;(2 отзыва);В кредит;30 368 ₸;x24
Lenovo IdeaPad 1 15ADA7 82R10056RK серый;229700;0;;В кредит;14 533 ₸;x24
Apple MacBook Pro 16 Z14V0008E Space Grey серый;1999900;10;;В рассрочку;166 659 ₸;x12
ASUS ROG Strix G15 G513IH-HN004 90NR07P2-M00160 серый;399990;10;(23 отзыва);В кредит;25 306 ₸;x24
Lenovo IdeaPad 3 15ABA7 82RN00CKRK серый;227714;0;;В кредит;14 407 ₸;x24
ASUS Vivobook S 14 M3402RA-KM009 90NB0WH2-M00360 черный;454900;0;;В кредит;28 780 ₸;x24
Lenovo IdeaPad 3 15IAU7 82RK00EXRK серый;329900;0;;В кредит;20 872 ₸;x24
Acer AN515-57 NH.QELER.00C черный;439900;9;(21 отзыв);В кредит;27 831 ₸;x24
ASUS ROG Zephyrus M16 GU604VI-N4034 90NR0BW1-M00460 черный;1599990;10;;В кредит;101 226 ₸;x24
Lenovo IdeaPad 3 15ALC6 82KU01S4RK серый;249900;9;(7 отзывов);В кредит;15 811 ₸;x24
ASUS TUF Gaming F15 FX506HC-HN006 черный;472398;10;(5 отзывов);В кредит;29 887 ₸;x24
HP Europe ProBook 450 G8 1A888AV серебристый;524047;0;;В кредит;33 155 ₸;x24
ASUS Vivoobook Pro K6602ZC-N1117 90NB0Z51-M00580 синий;479990;9;(2 отзыва);В кредит;30 368 ₸;x24
Lenovo IdeaPad 1 15ADA7 82R10056RK серый;229700;0;;В кредит;14 533 ₸;x24
Apple MacBook Pro 16 Z14V0008E Space Grey серый;1999900;10;;В рассрочку;166 659 ₸;x12
ASUS ROG Strix G15 G513IH-HN004 90NR07P2-M00160 серый;399990;10;(23 отзыва);В кредит;25 306 ₸;x24
Lenovo IdeaPad 3 15ABA7 82RN00CKRK серый;227714;0;;В кредит;14 407 ₸;x24
ASUS Vivobook S 14 M3402RA-KM009 90NB0WH2-M00360 черный;454900;0;;В кредит;28 780 ₸;x24
Lenovo IdeaPad 3 15IAU7 82RK00EXRK серый;329900;0;;В кредит;20 872 ₸;x24
Acer AN515-57 NH.QELER.00C черный;439900;9;(21 отзыв);В кредит;27 831 ₸;x24
Ноутбук Asus Vivobook Go E1504FA-BQ038W Ryzen 5 7520U 8 GB / SSD 512 GB / Integrated / Win11 / 90NB0ZR2-M00L50;259990;10;;В кредит;16 449 ₸;x24
Lenovo Legion 5 15ITH6H 82JH0012RK серый;569990;10;(10 отзывов);В кредит;36 062 ₸;x24
HP 15s-eq3064ci 79B18EA серебристый;449990;10;(13 отзывов);В кредит;28 470 ₸;x24
ASUS ExpertBook B1 90NX05U1-M00EV0 черный;289440;0;;В кредит;18 312 ₸;x24
Acer Extensa 15 EX215-22 NX.EG9ER.026 черный;169990;8;(1 отзыв);В кредит;10 755 ₸;x24
ASUS B1500CBA-BQ0499 90NX0551-M00MN0 черный;351531;0;;В кредит;22 241 ₸;x24
Lenovo V15 G3 IAP 82TT003RRU черный;240089;0;;В кредит;15 190 ₸;x24
GIGABYTE G5 MF-E2KZ313SH серый;536375;10;(1 отзыв);В кредит;33 935 ₸;x24
Apple MacBook Pro 14 MKGR3 серебристый;944993;10;(28 отзывов);В рассрочку;78 750 ₸;x12
ASUS L1500CDA-BQ0510 90NX0401-M05420 черный;194628;10;;В кредит;12 314 ₸;x24
Lenovo IdeaPad V15 Gen 3 IAP 82TT000PRU черный;198692;0;;В кредит;12 571 ₸;x24
GIGABYTE U4 UD UD-50RU823SD серый;319990;9;(1 отзыв);В кредит;20 245 ₸;x24
GIGABYTE U4 UD UD-50RU823SD серый;319990;9;(1 отзыв);В кредит;20 245 ₸;x24
ASUS VivoBook Pro 15 M6500QH-HN075 90NB0YJ2-M003F0 синий;343005;10;(3 отзыва);В кредит;21 701 ₸;x24
Apple MacBook Pro 13 MNEP3 серебристый;648942;10;(11 отзывов);В рассрочку;54 079 ₸;x12
Lenovo V15 A81TUN 82C700F8RU серый;292990;10;(12 отзывов);В кредит;18 537 ₸;x24
Lenovo 15IAU7 82RK00AKRK серый;279980;10;(1 отзыв);В кредит;17 714 ₸;x24
Lenovo Legion Pro 7 16IRX8 82WR0012RK темно-серый;1117900;9;(2 отзыва);В кредит;70 726 ₸;x24
ASUS Laptop 15 F515EA-BQ1993W 90NB0TY2-M00PF0 серый;249990;9;(7 отзывов);В кредит;15 816 ₸;x24
Acer Aspire 3 A315-34-P59K P45UN NX.HE3ER.00Y;169590;9;(8 отзывов);В кредит;10 730 ₸;x24
Lenovo IdeaPad Gaming 3 15ACH6 82K201QTRU черный;597889;9;(5 отзывов);В кредит;37 827 ₸;x24
Acer Aspire 3 A315-35-P5TY NX.A6LER.00V серебристый;159990;9;(16 отзывов);В кредит;10 123 ₸;x24
ASUS Vivobook Pro 16X M7601RM-MX070W 90NB0YY2-M00310 черный;559990;0;;В кредит;35 429 ₸;x24
Lenovo Ideapad Gaming 3 15ABA7 82RN00AGRK темно-синий;237985;10;;В кредит;15 057 ₸;x24
Lenovo Ideapad Gaming 3 15ABA7 82RN00AGRK темно-синий;237985;10;;В кредит;15 057 ₸;x24
Acer Aspire 3 A315-35-P5TY NX.A6LER.00V серебристый;159990;9;(16 отзывов);В кредит;10 123 ₸;x24
Acer Extensa 15 EX215-52-54NE NX.EG8ER.00W черный;259985;10;(18 отзывов);В кредит;16 449 ₸;x24
Lenovo 15IAU7 82RK00AKRK серый;279980;10;(1 отзыв);В кредит;17 714 ₸;x24
Lenovo V15 A81TUN 82C700F8RU серый;292990;10;(12 отзывов);В кредит;18 537 ₸;x24
ASUS Laptop 15 F515EA-BQ1993W 90NB0TY2-M00PF0 серый;249990;9;(7 отзывов);В кредит;15 816 ₸;x24
Lenovo IdeaPad 3 15ALC6 82KU009GRK серый;361487;9;(13 отзывов);В кредит;22 871 ₸;x24
HP 15s-eq2038ur 61Q28EA серебристый;271900;10;;В кредит;17 203 ₸;x24
Acer A315-56-39NZ NX.HS5ER.02L черный;189990;10;(1 отзыв);В кредит;12 021 ₸;x24
Acer Aspire 3 A315-43 R5162SUN NX.K7CER.007 черный;299989;10;;В кредит;18 980 ₸;x24
ASUS Vivobook Pro M6500RC-MA078 90NB0YK1-M00370 синий;549990;10;(4 отзыва);В кредит;34 796 ₸;x24
ASUS ROG Strix G15 G513IC 90NR0502-M007J0 черный;449670;0;;В кредит;28 450 ₸;x24
ASUS ROG Strix G15 G513IC 90NR0502-M007J0 черный;449670;0;;В кредит;28 450 ₸;x24
Acer Nitro 5 AN515-46 NH.QH1ER.001 черный;719990;10;;В кредит;45 552 ₸;x24
Acer Predator Triton PT316-51S NH.QGJER.006 серебристый;559990;10;(2 отзыва);В кредит;35 429 ₸;x24
Lenovo IdeaPad 3 15IGL05 81WQ00EQRK серый;184990;9;(21 отзыв);В кредит;11 704 ₸;x24
GIGABYTE G5 MD 9RC45MD02LE101RU800 черный;503000;10;(6 отзывов);В кредит;31 824 ₸;x24
Lenovo V15-IIL 82C500JQRU серый;249490;9;(7 отзывов);В кредит;15 785 ₸;x24
ASUS X515JA-BQ4001 90NB0SR1-M02LD0 серый;263240;8;(1 отзыв);В кредит;16 655 ₸;x24
ASUS UM3402YA-KP113W 90NB0W95-M00KL0 черный;459990;10;(1 отзыв);В кредит;29 102 ₸;x24
DEXP Aquilon C14-ICW202 серый;99990;9;(4 отзыва);В кредит;6 327 ₸;x24
ASUS VivoBook M6500QC-MA121W 90NB0YN1-M006S0 синий;529680;0;;В кредит;33 512 ₸;x24
Lenovo IdeaPad 3 15ADA6 82KR00BBRK серый;279615;10;(13 отзывов);В кредит;17 691 ₸;x24
ASUS ROG Zephyrus G14 GA402RJ-L4067W 90NR09T4-M003U0 черный;872089;0;;В кредит;55 175 ₸;x24
Lenovo IdeaPad 3 15ITL6 82H80395RK серебристый;139990;10;(1 отзыв);В кредит;8 857 ₸;x24
HP 15S-FQ2111UR 5D5E5EA серебристый;439990;10;(12 отзывов);В кредит;27 837 ₸;x24
HP 15-EH1020UR 3E3X9EA синий;253735;0;;В кредит;16 053 ₸;x24
Lenovo ThinkBook 15 G3 ACL 21A4003ERU серый;282998;0;;В кредит;17 905 ₸;x24
ASUS Vivobook Pro 16X M7601RM-MX071W 90NB0YY2-M00320 черный;822816;0;;В кредит;52 057 ₸;x24
ASUS VivoBook M6500QC-MA121W 90NB0YN1-M006S0 синий;529680;0;;В кредит;33 512 ₸;x24
Lenovo IdeaPad 3 15ADA6 82KR00BBRK серый;279615;10;(13 отзывов);В кредит;17 691 ₸;x24
ASUS Vivobook Go E1404FA-EB045 90NB0ZS2-M00670 темно-серый;216878;0;;В кредит;13 722 ₸;x24
ASUS ROG Zephyrus G14 GA402RJ-L4067W 90NR09T4-M003U0 черный;872089;0;;В кредит;55 175 ₸;x24
ASUS ExpertBook L1 L1500 90NX0401-M07560 синий;246472;0;;В кредит;15 594 ₸;x24
GIGABYTE G5 MF MF-E2KZ333SD черный;449848;5;(2 отзыва);В кредит;28 461 ₸;x24
Apple MacBook Pro 13 MYDA2 серебристый;694999;10;(56 отзывов);В рассрочку;57 917 ₸;x12
MSI GF66 Katana 11UE-228XKZ черный;558525;9;(4 отзыва);В кредит;35 336 ₸;x24
Lenovo Ideapad L340-15API 81LW0057RK черный;209990;2;(1 отзыв);В кредит;13 286 ₸;x24
HP 15s-fq5043ci 7P0N9EA черный;229990;0;;В кредит;14 551 ₸;x24
HP Probook 450 G9 6F2M1EA серебристый;429930;10;(4 отзыва);В кредит;27 201 ₸;x24
Qmax VISIONBOOK LP153A серый;122995;8;(6 отзывов);В кредит;7 782 ₸;x24
ASUS VivoBook R565JA-BQ4051 N8N0CX10H52034C серебристый;304425;10;(1 отзыв);В кредит;19 260 ₸;x24
Dell Vostro 3510 210-AZZU-A14 черный;382442;10;(1 отзыв);В кредит;24 196 ₸;x24
ASUS TUF Gaming F15 FX506HC-HN006 90NR0723-M02580 серый;467990;9;(18 отзывов);В кредит;29 609 ₸;x24
Lenovo IdeaPad 5 Pro 82SK008LRK серый;449980;10;(7 отзывов);В кредит;28 469 ₸;x24
ASUS ROG Strix G15 G513RC-HN088 90NR08A5-M00700 серый;509990;9;(5 отзывов);В кредит;32 266 ₸;x24
ASUS VivoBook 14 E410MA-BV1502W черный;259990;10;(5 отзывов);В кредит;16 449 ₸;x24
ASUS TUF Gaming A15 FA506IHRB-HN082 90NR07G7-M008E0 черный;417990;10;(21 отзыв);В кредит;26 445 ₸;x24
ASUS X515EP-EJ606W 90NB0TZ2-M00JJ0 серый;269990;7;;В кредит;17 082 ₸;x24
Acer Extensa 15 EX215-52-36UB NX.EG8ER.005 черный;219989;9;(4 отзыва);В кредит;13 918 ₸;x24
Lenovo Legion Pro 7 16IRX8H 82WQ003CRK темно-серый;1487990;10;(2 отзыва);В кредит;94 140 ₸;x24
HP 15s-fq5038ci 6K314EA серый;289890;10;(12 отзывов);В кредит;18 341 ₸;x24
Acer Aspire 3 A315-59 NX.K6SER.003 серебристый;268872;10;(1 отзыв);В кредит;17 011 ₸;x24
HP Pavilion Plus 14-eh0001ci 6J2X5EA темно-синий;621280;0;;В кредит;39 307 ₸;x24
Great Asia TK-E140J3 256GB серебристый;149000;9;(10 отзывов);В кредит;9 427 ₸;x24
Lenovo IdeaPad Gaming 3 15IHU6 82K1000WRU черный;619989;10;(8 отзывов);В кредит;39 225 ₸;x24
HP Victus 16-e0013ur 491M4EA синий;528990;0;;В кредит;33 468 ₸;x24
ASUS VivoBook K413EA-EK2384W 90NB0RLB-M00R10 серебристый;479990;10;(3 отзыва);В кредит;30 368 ₸;x24
Lenovo Ideapad 3 15IML05 81WB00VBRK серый;188788;0;;В кредит;11 944 ₸;x24
ASUS Vivobook S 16X M5602QA-KV105W 90NB0XW2-M00460 бежевый;497835;0;;В кредит;31 497 ₸;x24
ASUS ExpertBook B1 B1500 90NX0441-M23770 черный;176820;0;;В кредит;11 187 ₸;x24
Acer Aspire 3 A315-34 NX.HE3ER.011 черный;205994;8;(60 отзывов);В кредит;13 033 ₸;x24
Acer Extensa EX215-52-31EB NX.EG8ER.021 черный;219989;9;(29 отзывов);В кредит;13 918 ₸;x24
Lenovo V15 G3 IAP 82TT001KRU черный;237041;10;(1 отзыв);В кредит;14 997 ₸;x24
GIGABYTE AERO 16 KE5 KE5-72RU934JQ серебристый;692714;0;;В кредит;43 826 ₸;x24
Lenovo Legion 5 15IAH7H 82RB00ERRK серый;597868;8;(6 отзывов);В кредит;37 826 ₸;x24
HONOR MagicBook X 16 5301AFGS серый;399930;10;(2 отзыва);В кредит;25 303 ₸;x24
Lenovo IdeaPad Slim 3 14AMN8 82XN000BRK серебристый;245990;0;;В кредит;15 563 ₸;x24
Acer Swift 3 SF314-511-36B5 NX.ACSER.001 красный;299990;10;(6 отзывов);В кредит;18 980 ₸;x24
Lenovo Legion Pro 5 16IRX8 82WK005ERK темно-серый;720990;0;;В кредит;45 615 ₸;x24
ASUS X515JA-BQ2979 90NB0SR2-M02PS0 серебристый;209580;10;(1 отзыв);В кредит;13 260 ₸;x24
Lenovo Legion 5 17ACH6H 82JY00JURK темно-синий;489990;10;(1 отзыв);В кредит;31 000 ₸;x24
HONOR MagicBook X 16 5301AFGS серый;399930;10;(2 отзыва);В кредит;25 303 ₸;x24
ASUS TUF F15 FX506HM-HN016 90NR0754-M003E0 черный;583489;10;(10 отзывов);В кредит;36 916 ₸;x24
HP Elitebook 840 G4 Z2V49EA серебристый;172600;10;(14 отзывов);В кредит;10 920 ₸;x24
Lenovo Legion 5 17ACH6H 82JY00JURK темно-синий;489990;10;(1 отзыв);В кредит;31 000 ₸;x24
ASUS X515JA-BQ2979 90NB0SR2-M02PS0 серебристый;209580;10;(1 отзыв);В кредит;13 260 ₸;x24
Lenovo Yoga Slim 7 ProX 14IAH7 82TK00BPRU серый;849990;10;(1 отзыв);В кредит;53 776 ₸;x24
Lenovo IdeaPad Slim 3 15IAN8 82XB0016RK серебристый;209990;0;;В кредит;13 286 ₸;x24
HP Pavilion x360 Convertible 15-er1017ci 78V21EA серебристый;399090;0;;В кредит;25 250 ₸;x24
Great Asia TK-E156S серебристый;275000;10;(19 отзывов);В кредит;17 399 ₸;x24
HP Pavilion 14-ec1032ci 6M872EA серебристый;388885;10;(1 отзыв);В кредит;24 604 ₸;x24
ASUS UP3404VA 90NB10E2-M002A0 синий;769990;10;(1 отзыв);В кредит;48 715 ₸;x24
HP Victus 15-fa0001ur 6F9C0EA темно-серый;439665;0;;В кредит;27 817 ₸;x24
Lenovo IdeaPad 3 15IGL05 81WQ007EUE черный;142000;9;(3 отзыва);В кредит;8 984 ₸;x24
Lenovo Legion 5 15IMH6 82NL0003RK черный;399945;10;(1 отзыв);В кредит;25 304 ₸;x24
HP Victus 15-fa0001ur 6F9C0EA темно-серый;439665;0;;В кредит;27 817 ₸;x24
Apple MacBook Air 15 2023 MQKT3 серебристый;889804;10;;В рассрочку;74 151 ₸;x12
ASUS TUF Gaming A15 FA507NU-LP077 90NR0EB5-M006H0 черный;569780;2;(1 отзыв);В кредит;36 048 ₸;x24
HP 14-eh0002ci 6G7X8EA темно-синий;539930;0;;В кредит;34 160 ₸;x24
Lenovo Legion 5 15IMH6 82NL000CRK черный;592721;10;(30 отзывов);В кредит;37 500 ₸;x24
ASUS TUF Gaming F15 FX506HE-HN142 90NR0704-M03530 черный;511989;10;(28 отзывов);В кредит;32 392 ₸;x24
Lenovo IdeaPad Gaming 3 15ARH7 82SB00AXRK темно-серый;389990;10;(5 отзывов);В кредит;24 674 ₸;x24
Lenovo IdeaPad 3 15ABA7 82RN00AFRK темно-синий;203990;10;;В кредит;12 906 ₸;x24
HP Europe Pavilion 15S-FQ5039CI 799A6EA серебристый;315243;10;(12 отзывов);В кредит;19 945 ₸;x24
ASUS Vivobook 16x M1603QA-MB167W 90NB0Y81-M009C0 синий;289800;10;(20 отзывов);В кредит;18 335 ₸;x24
ASUS Vivobook S 16X M5602QA-KV124W 90NB0XW2-M004Y0 серый;398126;0;;В кредит;25 189 ₸;x24
Acer A315-57G NX.HZRER.008 черный;199990;8;(20 отзывов);В кредит;12 653 ₸;x24
ASUS ROG Strix G513IH-HN078 90NR07P2-M02360 черный;379990;9;(9 отзывов);В кредит;24 041 ₸;x24
Acer Aspire 3 A315 NX.ADDER.00L серебристый;209980;0;;В кредит;13 285 ₸;x24
Lenovo ThinkPad X13 Gen 3 21BN0034RT черный;941426;0;;В кредит;59 561 ₸;x24
ASUS X515JA-BQ3045W 90NB0SR2-M02PT0 серебристый;212420;10;(1 отзыв);В кредит;13 440 ₸;x24
ASUS ROG Zephyrus M16 GU603ZE-K8033 90NR0941-M002E0 черный;660100;9;(8 отзывов);В кредит;41 763 ₸;x24
DELL Vostro 3520 210-BECX-1 черный;497252;0;;В кредит;31 460 ₸;x24
Apple MacBook Pro 16 2023 MNWD3 серебристый;1407024;10;(2 отзыва);В рассрочку;117 252 ₸;x12
HP Victus 15-fa0020ci 6K5S8EA серый;409900;10;;В кредит;25 933 ₸;x24
Lenovo IdeaPad 3 15ABA7 82RN00AJRK серый;204990;0;;В кредит;12 970 ₸;x24
Lenovo IdeaPad 5 Pro 16ACH6H 82L500UMRU серый;1199990;10;(1 отзыв);В кредит;75 920 ₸;x24
Huawei MateBook D 16 RLEF-X 53013EUS серый;459989;0;;В кредит;29 102 ₸;x24
ASUS X1503ZA-L1248W 90NB0WY1-M00P70 синий;314200;9;(4 отзыва);В кредит;19 879 ₸;x24
Acer Swift 1 SF114-34 NX.A75ER.003 золотистый;219990;10;(3 отзыва);В кредит;13 918 ₸;x24
Lenovo IdeaPad 3 15ALC6 82KU009MRK серый;399990;10;(75 отзывов);В кредит;25 306 ₸;x24
Lenovo IdeaPad L3 15ITL6 82HL003GRK серебристый;699990;0;;В кредит;44 286 ₸;x24
DELL Latitude 3410-8664 серый;189000;0;;В кредит;11 958 ₸;x24
Acer Nitro 5 AN515-58-58HT NH.QFLER.006 темно-серый;490000;9;(11 отзывов);В кредит;31 001 ₸;x24
GIGABYTE AORUS 15 XE5 XE5-73RUB34SD серый;1499990;0;;В кредит;94 900 ₸;x24
Lenovo Thinkbook 15 G2 ARE 20VG0076RU серый;379900;9;(3 отзыва);В кредит;24 035 ₸;x24
ASUS K3605VC-N1110 90NB11D1-M005D0 черный;514984;0;;В кредит;32 582 ₸;x24
Lenovo Yoga 6 13ALC6 82ND003RRK синий;789990;10;(1 отзыв);В кредит;49 980 ₸;x24
Lenovo Yoga Slim 9 14ITL5 82D1003BRU черный;1199990;0;;В кредит;75 920 ₸;x24
Lenovo IdeaPad Slim 3 15AMN8 82XQ0006RK серебристый;216890;0;;В кредит;13 722 ₸;x24
ASUS TUF Gaming A17 FA707NU-HX037 90NR0EF5-M002C0 серый;674890;10;(1 отзыв);В кредит;42 698 ₸;x24
Acer Aspire 5 A515-45G NX.A8EER.00A черный;449990;9;(34 отзыва);В кредит;28 470 ₸;x24
Apple MacBook Pro 14 Z15J000DW серебристый;1899990;10;(8 отзывов);В рассрочку;158 333 ₸;x12
ASUS VivoBook R565JA-BQ2727 серый;244870;10;(2 отзыва);В кредит;15 493 ₸;x24
Apple MacBook Pro 13 Z11D0003C серебристый;999990;10;(3 отзыва);В рассрочку;83 333 ₸;x12
Lenovo IdeaPad L340-15API 81LW008SRK черный;269990;9;(23 отзыва);В кредит;17 082 ₸;x24
Lenovo IdeaPad 3 15ADA05 81W100TQRK синий;209990;10;(4 отзыва);В кредит;13 286 ₸;x24
Lenovo IdeaPad 3 15IGL05 81WQ00ENRK серый;234000;10;(10 отзывов);В кредит;14 805 ₸;x24
Lenovo T16G1 21BV00EERT черный;841569;0;;В кредит;53 244 ₸;x24
DELL Vostro 7620 210-BDVL-2 черный;890530;4;(1 отзыв);В кредит;56 341 ₸;x24
ASUS X515EA-BQ3896W 90NB0TY2-M049F0 серебристый;249990;10;(1 отзыв);В кредит;15 816 ₸;x24
HP 15-fd0010ci 7P556EA#UUQ серый;179990;0;;В кредит;11 388 ₸;x24
ASUS TUF Gaming F15 FX507ZU4-LP114 черный;599980;0;;В кредит;37 959 ₸;x24
MSI Katana GF66 12UGSZOK-1245XKZ 9S7-1583B4-1245 черный;1029128;0;;В кредит;65 110 ₸;x24
ASUS P1512CEA-EJ0112 90NX05E1-M003V0 серый;196990;10;;В кредит;12 463 ₸;x24
HP ENVY x360 Tooch 15-eu0046ur 60P14EA черный;469990;10;(2 отзыва);В кредит;29 735 ₸;x24
Lenovo ThinkPad T14 Gen 3 21AH00CFRT черный;872000;0;;В кредит;55 169 ₸;x24
Digma EVE 15 C400 ES5041EW серый;139990;10;(1 отзыв);В кредит;8 857 ₸;x24
DELL Vostro 3515 210-BBHJ-UBU-A1 черный;378190;10;(3 отзыва);В кредит;23 927 ₸;x24
ASUS X515FA-BQ130W 90NB0W01-M008Z0 серый;459990;10;(46 отзывов);В кредит;29 102 ₸;x24
Lenovo V14-IGL 82C2000YRU серый;186398;8;(39 отзывов);В кредит;11 793 ₸;x24
Lenovo IdeaPad Gaming 3 15ACH6 82K200H2RK черный;699969;10;(35 отзывов);В кредит;44 285 ₸;x24
ASUS ExpertBook B1 B1500CEAE-BQ4237W 90NX0441-M037X0 черный;351014;0;;В кредит;22 208 ₸;x24
Lenovo IdeaPad S145-15IIL 81W8007LRK черный;329990;10;(10 отзывов);В кредит;20 878 ₸;x24
Lenovo Legion S7 16ARHA7 82UG0037RK серый;599990;0;;В кредит;37 960 ₸;x24
HP ProBook 450 G9 6F1E5EA серебристый;422113;0;;В кредит;26 706 ₸;x24
Lenovo IdeaPad 3 15IAU7 82RK00ADRK серый;194900;10;(1 отзыв);В кредит;12 331 ₸;x24
ASUS VivoBook 15 X1502ZA-BQ876 серебристый;274980;10;(1 отзыв);В кредит;17 398 ₸;x24
Huawei MateBook D 14 NbD-WDI9 53013ERK серебристый;539990;10;(4 отзыва);В кредит;34 164 ₸;x24
Ноутбук Apple MacBook Air 13,6 A2681 M2 CHIP/8Gb/SSD 512Gb/Space Gray/IOS(MLXX3RU/A);849990;0;;В рассрочку;70 833 ₸;x12
Acer Extensa EX215-22 NX.EG9ER.035 черный;168113;0;;В кредит;10 636 ₸;x24
ASUS TUF Gaming F15 90NR0704-M00D00 черный;521770;10;(11 отзывов);В кредит;33 011 ₸;x24
HP 15s-eq0024ur 9QZ51EA черный;395000;10;(30 отзывов);В кредит;24 991 ₸;x24
ASUS Y1511CDA-BQ790 90NB0T41-M13490 серый;340000;0;;В кредит;21 511 ₸;x24
HP ProBook 430 G8 2X7M9EA серебристый;499990;0;;В кредит;31 633 ₸;x24
ASUS VivoBook Pro 15 K6500ZC 90NB0XK1-M00LV0 серый;567265;10;(7 отзывов);В кредит;35 889 ₸;x24
Apple MacBook Air 13 MGND3RU/A золотистый;499990;10;(11 отзывов);В рассрочку;41 666 ₸;x12
ASUS VivoBook Pro 15 M3500QA-L1066T черный;639990;10;(1 отзыв);В кредит;40 490 ₸;x24
HP ENVY x360 Touch 15-eu0015ur 633W7EA черный;646690;9;(2 отзыва);В кредит;40 914 ₸;x24
HP ProBook 430 G8 32M42EA серебристый;350286;0;;В кредит;22 162 ₸;x24
Lenovo IdeaPad Gaming 3 15ARH05 R5165SGN 82EY00HYRK черный;498512;10;(18 отзывов);В кредит;31 540 ₸;x24
Lenovo IdeaPad L3 15IML05 81Y30022RK серый;419990;9;(6 отзывов);В кредит;26 572 ₸;x24
HP 250 G9 6S6V0EA серебристый;303858;0;;В кредит;19 225 ₸;x24
HP 250 G9 6S6V4EA серебристый;382126;0;;В кредит;24 176 ₸;x24
HP EliteBook 830 G8 4L0J3EA серебристый;521000;0;;В кредит;32 962 ₸;x24
HP 250 G9 6F1Z7EA черный;256815;0;;В кредит;16 248 ₸;x24
ASUS Zenbook 14 UM3402YA-KP511W 90NB0W95-M00UU0 черный;474990;10;;В кредит;30 051 ₸;x24
Lenovo Yoga Slim 7 Pro 16ARH7 82UW003KRU серый;609990;0;;В кредит;38 592 ₸;x24
Lenovo IdeaPad 3 15IIL05 81WE01RARK серый;259588;0;;В кредит;16 424 ₸;x24
DELL G5 15 5505 210-AVJR-A1 серый;799990;10;;В кредит;50 613 ₸;x24
HP ProBook 450 G8 2X7X1EA серебристый;381939;0;;В кредит;24 164 ₸;x24
ASUS TUF FX506H -HN011 90NR0724-M01890 черный;499770;0;;В кредит;31 619 ₸;x24
HP 255 G8 32P18EA черный;202200;10;(1 отзыв);В кредит;12 793 ₸;x24
HP ProBook 440 G9 UMA 6A2H3EA серебристый;499990;0;;В кредит;31 633 ₸;x24
Lenovo IdeaPad Gaming 3 15ACH6 82K200TARK черный;679990;0;;В кредит;43 021 ₸;x24
ASUS Vivobook Pro 16 90NB0Z51-M00680 синий;519980;0;;В кредит;32 898 ₸;x24
Apple MacBook Air 13 Z124000YC серый;1020000;0;;В рассрочку;85 000 ₸;x12
ASUS F571LH-BQ333 90NB0QJ1-M07520 черный;629990;9;(5 отзывов);В кредит;39 858 ₸;x24
Lenovo IdeaPad Slim 3 16IRU8 82X8000YRK серый;237040;0;;В кредит;14 997 ₸;x24
ASUS VivoBook Flip 14 TP401MA-EC444W серый;278780;0;;В кредит;17 638 ₸;x24
ASUS Zenbook 14x OLED KN032W серебристый;829980;0;;В кредит;52 510 ₸;x24
Lenovo IdeaPad Gaming 3 82SA00FQRK серый;529990;10;(1 отзыв);В кредит;33 531 ₸;x24
HP Omen 16-c0033ur 65B01EA серебристый;649990;10;(3 отзыва);В кредит;41 123 ₸;x24
Lenovo ThinkBook 15 G2 ITL 20VE00FKRU серый;499000;10;(1 отзыв);В кредит;31 570 ₸;x24
MSI GF63 Thin 11SC-292XKZ черный;528990;0;;В кредит;33 468 ₸;x24
ASUS TUF Gaming F17 FX707ZU4-HX058 черный;649980;0;;В кредит;41 122 ₸;x24
Acer Extensa 15 EX215-22 NX.EG9ER.02S черный;179990;10;(1 отзыв);В кредит;11 388 ₸;x24
ASUS Vivobook Go 15 OLED E1504FA-L1013W серый;309980;0;;В кредит;19 612 ₸;x24
Acer Nitro 5 AN515-46 NH.QGZER.002 черный;699890;10;(2 отзыва);В кредит;44 280 ₸;x24
Lenovo IdeaPad 3 15IIL05 81WE007FRK серый;489990;10;(1 отзыв);В кредит;31 000 ₸;x24
MSI Modern 15 B12M-215X 9S7-15H112-215 черный;369990;10;;В кредит;23 408 ₸;x24
Huawei MateBook D15 BohrM-WFQ9A серебристый;369990;9;(4 отзыва);В кредит;23 408 ₸;x24
Acer A315-34 NX.HE3ER.010 черный;228990;9;(39 отзывов);В кредит;14 488 ₸;x24
Prestigio SmartBook 141 C6 PSB141C06CHP_MG_CIS серебристый;142490;10;(8 отзывов);В кредит;9 015 ₸;x24
HP ENVY x360 15-fh0000ci 81K38EA#UUQ черный;499990;0;;В кредит;31 633 ₸;x24
HP Pavilion x360 14-ek1007ci 7P4D7EA#UUQ серебристый;359990;0;;В кредит;22 776 ₸;x24
ASUS VivoBook 15 K513EA 90NB0SG2-M37040 серебристый;499990;10;(15 отзывов);В кредит;31 633 ₸;x24
HP 250 G7 1F3L2EA черный;179000;10;;В кредит;11 325 ₸;x24
Lenovo Thinkbook 13S 20V90005RU серебристый;559900;0;;В кредит;35 423 ₸;x24
Acer Aspire 5 NX.K3KER.006 серый;519990;10;(1 отзыв);В кредит;32 898 ₸;x24
Huawei MateBook D 15 BoB-WAI9 серый;339990;10;(19 отзывов);В кредит;21 510 ₸;x24
DELL Latitude 3510 210-AVLN-1_UBU серый;619990;0;;В кредит;39 225 ₸;x24
ASUS TUF Gaming FX506H-HN011 90NR0724-M01890 черный;478890;9;(5 отзывов);В кредит;30 298 ₸;x24
DELL G5 15 5505 210-AVJR-A1 серый;799990;10;;В кредит;50 613 ₸;x24
Acer TravelMate P2 TMP214-53-5510 NX.VPKER.005 черный;350000;10;(1 отзыв);В кредит;22 144 ₸;x24
Lenovo IdeaPad 1 14AMN7 82VF001URK серебристый;339980;8;(1 отзыв);В кредит;21 510 ₸;x24
Acer Swift X SFX-16-51G NX.AYLER.001 серый;789990;10;(1 отзыв);В кредит;49 980 ₸;x24
Lenovo Legion 5 Pro 16ACH6H 82JQ00FBUS серый;1100000;10;(2 отзыва);В кредит;69 594 ₸;x24
Lenovo IdeaPad 5 Pro 16ACH6 82L500M9RK серый;759990;10;(13 отзывов);В кредит;48 082 ₸;x24
Apple MacBook Air 13 Z160000KQ черный;1300000;10;(2 отзыва);В рассрочку;108 334 ₸;x12
Lenovo IdeaPad 3 15IGL05 81WQ00R3FE черный;140000;0;;В кредит;8 858 ₸;x24
Lenovo IdeaPad Gaming 3 15IHU6 82K1007MRE черный;453780;10;(5 отзывов);В кредит;28 710 ₸;x24
ASUS Zenbook 14 UX3402ZA-KM341W зеленый;859990;0;;В кредит;54 409 ₸;x24
HP OMEN 15-dh1013ur черный;1259990;0;;В кредит;79 716 ₸;x24
Lenovo IdeaPad Slim 3 14AMN8 82XN003JRK серебристый;214990;0;;В кредит;13 602 ₸;x24
Lenovo IdeaPad Slim 3 15AMN8 82XQ0007RK серебристый;225000;0;;В кредит;14 235 ₸;x24
HP Omen 16-k0003ci 79N54EA черный;629990;0;;В кредит;39 858 ₸;x24
Lenovo IdeaPad 3 15ADA05 81W1016LRK черный;219990;9;(9 отзывов);В кредит;13 918 ₸;x24
HP Omen 16-c0057ur 5R9S0EA черный;851740;0;;В кредит;53 887 ₸;x24
Lenovo Legion 7 16ACHg6 82N6000BRK темно-серый;1799990;10;(4 отзыва);В кредит;113 880 ₸;x24
Lenovo Ideapad 3 15IML05 81WB00VDRK серый;242000;10;(1 отзыв);В кредит;15 311 ₸;x24
HP 15-fa0015ci 6K5R9EA темно-синий;399890;0;;В кредит;25 300 ₸;x24
Apple MacBook Pro 13 Z11C0002Z серый;936000;9;(2 отзыва);В рассрочку;78 000 ₸;x12
HP ENVY 13-BA1043UR 4S537EA серебристый;519990;0;;В кредит;32 898 ₸;x24
HP Victus 15-fa0020ci 6K5S8EA серый;409900;10;;В кредит;25 933 ₸;x24
ASUS X515EA-BQ1965 90NB0TY2-M00MW0 серебристый;374990;10;(9 отзывов);В кредит;23 725 ₸;x24
HP 255 G8 32P18EA черный;202200;10;(1 отзыв);В кредит;12 793 ₸;x24
Lenovo V15 G3 IAP 82TT003PRU черный;274920;0;;В кредит;17 394 ₸;x24
Lenovo Legion 5 82RD00ACRK серый;839990;7;(2 отзыва);В кредит;53 144 ₸;x24
HP EliteBook 860 G9 5Z6K6EA серебристый;679156;0;;В кредит;42 968 ₸;x24
Acer Extensa 15 EX215-52-312N NX.EG8ER.017 черный;239000;0;;В кредит;15 121 ₸;x24
Lenovo V130-15IKB 81HN00NFRU серый;369990;0;;В кредит;23 408 ₸;x24
HP Victus 16-e1052ci 7P0P4EA темно-серый;514440;0;;В кредит;32 547 ₸;x24
Lenovo IdeaPad Gaming 3 82SA00FQRK серый;529990;10;(1 отзыв);В кредит;33 531 ₸;x24
HP Omen 16-c0033ur 65B01EA серебристый;649990;10;(3 отзыва);В кредит;41 123 ₸;x24
ASUS X515JF-EJ257 90NB0SW1-M04820 серебристый;269990;10;(4 отзыва);В кредит;17 082 ₸;x24
Lenovo ThinkPad X1 Yoga Gen 6 20XY00BBUS серый;1104000;0;;В кредит;69 847 ₸;x24
Lenovo IdeaPad 3 15ABA7 82RN00AJRK серый;204990;0;;В кредит;12 970 ₸;x24
HP Victus 15-fa0020ci 6K5S8EA серый;409900;10;;В кредит;25 933 ₸;x24
HP 15-ec2084ur 64S62EA черный;598989;10;(1 отзыв);В кредит;37 896 ₸;x24
HP ENVY x360 15-ew0006ci 7P0M7EA серебристый;799990;0;;В кредит;50 613 ₸;x24
HP Spectre x360 16-f1017ci 7P0Q2EA черный;842770;0;;В кредит;53 320 ₸;x24
HP Pavilion x360 Convertible 15-er1006ci 6L9P9EA серебристый;339240;0;;В кредит;21 463 ₸;x24
HP 250 G9 6S775EA серый;386308;0;;В кредит;24 441 ₸;x24
ASUS ExpertBook B1 B1400CEAE-EB6603 31115G4-8-256-D темно-синий;239980;10;;В кредит;15 183 ₸;x24
HP Pavilion Aero 13-be1029ci 6K3C2EA серебристый;405760;10;(2 отзыва);В кредит;25 672 ₸;x24
Lenovo IdeaPad Gaming 3 15ACH6 82K201WMRK черный;399990;10;;В кредит;25 306 ₸;x24
Lenovo V14 G2 ITL 82KA001JRU черный;279900;0;;В кредит;17 709 ₸;x24
MSI Modern B5M-020XKZ черный;468990;0;;В кредит;29 672 ₸;x24
Lenovo IdeaPad 5 Pro 16ACH6 82L500UNRK черный;699990;0;;В кредит;44 286 ₸;x24
ASUS TUF Gaming A17 FA707NU-HX037 90NR0EF5-M002C0 серый;674890;10;(1 отзыв);В кредит;42 698 ₸;x24
Ноутбук HP 250 G8 3A5T7EA черный;199990;10;;В кредит;12 653 ₸;x24
HP HP Laptop 15s-eq2102ur 5R9R3EA серебристый;314580;10;(9 отзывов);В кредит;19 903 ₸;x24
Lenovo Legion 5 17ACH6 82K00005RK синий;854990;9;(7 отзывов);В кредит;54 093 ₸;x24
Huawei MateBook D 15 BoD-WDI9 53013QDU темно-серый;279990;0;;В кредит;17 714 ₸;x24
HP Spectre x360 16-f1009ci 6G814EA синий;841810;0;;В кредит;53 259 ₸;x24
Lenovo Thinkbook 15 G2 ARE 20VG0076RU серый;379900;9;(3 отзыва);В кредит;24 035 ₸;x24
GIGABYTE AORUS 15 XE5 XE5-73RUB34SD серый;1499990;0;;В кредит;94 900 ₸;x24
Lenovo IdeaPad 3 15ALC6 82KU009MRK серый;399990;10;(75 отзывов);В кредит;25 306 ₸;x24
Lenovo IdeaPad L3 15ITL6 82HL003GRK серебристый;699990;0;;В кредит;44 286 ₸;x24
Lenovo Yoga 6 13ALC6 82ND003RRK синий;789990;10;(1 отзыв);В кредит;49 980 ₸;x24
Lenovo Yoga Slim 9 14ITL5 82D1003BRU черный;1199990;0;;В кредит;75 920 ₸;x24
Lenovo IdeaPad Slim 3 15AMN8 82XQ0006RK серебристый;216890;0;;В кредит;13 722 ₸;x24
Ноутбук HP 250 G8 3A5T7EA черный;199990;10;;В кредит;12 653 ₸;x24
HP HP Laptop 15s-eq2102ur 5R9R3EA серебристый;314580;10;(9 отзывов);В кредит;19 903 ₸;x24
Lenovo Legion 5 17ACH6 82K00005RK синий;854990;9;(7 отзывов);В кредит;54 093 ₸;x24
Huawei MateBook D 15 BoD-WDI9 53013QDU темно-серый;279990;0;;В кредит;17 714 ₸;x24
HP Spectre x360 16-f1009ci 6G814EA синий;841810;0;;В кредит;53 259 ₸;x24
Lenovo Thinkbook 15 G2 ARE 20VG0076RU серый;379900;9;(3 отзыва);В кредит;24 035 ₸;x24
GIGABYTE AORUS 15 XE5 XE5-73RUB34SD серый;1499990;0;;В кредит;94 900 ₸;x24
Lenovo IdeaPad 3 15ALC6 82KU009MRK серый;399990;10;(75 отзывов);В кредит;25 306 ₸;x24
Lenovo IdeaPad L3 15ITL6 82HL003GRK серебристый;699990;0;;В кредит;44 286 ₸;x24
Lenovo Yoga 6 13ALC6 82ND003RRK синий;789990;10;(1 отзыв);В кредит;49 980 ₸;x24
Lenovo Yoga Slim 9 14ITL5 82D1003BRU черный;1199990;0;;В кредит;75 920 ₸;x24
Lenovo IdeaPad Slim 3 15AMN8 82XQ0006RK серебристый;216890;0;;В кредит;13 722 ₸;x24
Acer Aspire 5 A515-45G NX.A8EER.00A черный;449990;9;(34 отзыва);В кредит;28 470 ₸;x24
Lenovo IdeaPad 3 15ALC6 82KU009MRK серый;399990;10;(75 отзывов);В кредит;25 306 ₸;x24
Apple MacBook Pro 14 Z15J000DW серебристый;1899990;10;(8 отзывов);В рассрочку;158 333 ₸;x12
HP ENVY x360 Touch 15-eu0015ur 633W7EA черный;646690;9;(2 отзыва);В кредит;40 914 ₸;x24
Lenovo IdeaPad Gaming 3 15ACH6 82K200H2RK черный;699969;10;(35 отзывов);В кредит;44 285 ₸;x24
ASUS ExpertBook B1 B1500CEAE-BQ4237W 90NX0441-M037X0 черный;351014;0;;В кредит;22 208 ₸;x24
Apple MacBook Air 13 MGND3RU/A золотистый;499990;10;(11 отзывов);В рассрочку;41 666 ₸;x12
HP ProBook 430 G8 2X7M9EA серебристый;499990;0;;В кредит;31 633 ₸;x24
ASUS VivoBook Pro 15 K6500ZC 90NB0XK1-M00LV0 серый;567265;10;(7 отзывов);В кредит;35 889 ₸;x24
Acer Swift 1 SF114-34 NX.A75ER.003 золотистый;219990;10;(3 отзыва);В кредит;13 918 ₸;x24
Apple MacBook Pro 13 Z11D0003C серебристый;999990;10;(3 отзыва);В рассрочку;83 333 ₸;x12
ASUS K3605VC-N1110 90NB11D1-M005D0 черный;514984;0;;В кредит;32 582 ₸;x24
HP Victus 15-fb0026ci 6X7N7EA серый;575889;10;(4 отзыва);В кредит;36 435 ₸;x24
ASUS X1503ZA-L1248W 90NB0WY1-M00P70 синий;314200;9;(4 отзыва);В кредит;19 879 ₸;x24
GIGABYTE AORUS 15 XE5 XE5-73RUB34SD серый;1499990;0;;В кредит;94 900 ₸;x24
DELL Vostro 3525 210-BDRB черный;300000;10;(1 отзыв);В кредит;18 980 ₸;x24
Lenovo V15 G2 ITL 82KB000ERU серый;259990;8;;В кредит;16 449 ₸;x24
Huawei MateBook D 16 RLEF-X 53013EUS серый;459989;0;;В кредит;29 102 ₸;x24
HP ENVY x360 Tooch 15-eu0046ur 60P14EA черный;469990;10;(2 отзыва);В кредит;29 735 ₸;x24
Lenovo ThinkPad T14 Gen 3 21AH00CFRT черный;872000;0;;В кредит;55 169 ₸;x24
Digma EVE 15 C400 ES5041EW серый;139990;10;(1 отзыв);В кредит;8 857 ₸;x24
ASUS X515FA-BQ130W 90NB0W01-M008Z0 серый;459990;10;(46 отзывов);В кредит;29 102 ₸;x24
Lenovo V14-IGL 82C2000YRU серый;186398;8;(39 отзывов);В кредит;11 793 ₸;x24
Lenovo IdeaPad L3 15IML05 81Y30022RK серый;419990;9;(6 отзывов);В кредит;26 572 ₸;x24
ASUS TUF Gaming F15 90NR0704-M00D00 черный;521770;10;(11 отзывов);В кредит;33 011 ₸;x24
HP 15s-eq0024ur 9QZ51EA черный;395000;10;(30 отзывов);В кредит;24 991 ₸;x24
ASUS Y1511CDA-BQ790 90NB0T41-M13490 серый;340000;0;;В кредит;21 511 ₸;x24
HP ProBook 430 G8 32M42EA серебристый;350286;0;;В кредит;22 162 ₸;x24
Lenovo IdeaPad 3 15ADA05 81W100TQRK синий;209990;10;(4 отзыва);В кредит;13 286 ₸;x24
ASUS X515EA-BQ3896W 90NB0TY2-M049F0 серебристый;249990;10;(1 отзыв);В кредит;15 816 ₸;x24
HP 15-fd0010ci 7P556EA#UUQ серый;179990;0;;В кредит;11 388 ₸;x24
ASUS TUF Gaming F15 FX507ZU4-LP114 черный;599980;0;;В кредит;37 959 ₸;x24
MSI Katana GF66 12UGSZOK-1245XKZ 9S7-1583B4-1245 черный;1029128;0;;В кредит;65 110 ₸;x24
ASUS P1512CEA-EJ0112 90NX05E1-M003V0 серый;196990;10;;В кредит;12 463 ₸;x24
Lenovo IdeaPad 3 15IGL05 81WQ00ENRK серый;234000;10;(10 отзывов);В кредит;14 805 ₸;x24
Lenovo T16G1 21BV00EERT черный;841569;0;;В кредит;53 244 ₸;x24
Lenovo V15 G2 ITL 82KB000ERU серый;259990;8;;В кредит;16 449 ₸;x24
Huawei MateBook D 16 RLEF-X 53013EUS серый;459989;0;;В кредит;29 102 ₸;x24
MSI Katana GF66 12UGSZOK-1245XKZ 9S7-1583B4-1245 черный;1029128;0;;В кредит;65 110 ₸;x24
ASUS X515EA-BQ3896W 90NB0TY2-M049F0 серебристый;249990;10;(1 отзыв);В кредит;15 816 ₸;x24
HP 15-fd0010ci 7P556EA#UUQ серый;179990;0;;В кредит;11 388 ₸;x24
ASUS P1512CEA-EJ0112 90NX05E1-M003V0 серый;196990;10;;В кредит;12 463 ₸;x24
HP 250 G9 6S6V0EA серебристый;303858;0;;В кредит;19 225 ₸;x24
HP ProBook 430 G8 32M42EA серебристый;350286;0;;В кредит;22 162 ₸;x24
HP EliteBook 830 G8 4L0J3EA серебристый;521000;0;;В кредит;32 962 ₸;x24
HP 250 G9 6S6V4EA серебристый;382126;0;;В кредит;24 176 ₸;x24
ASUS VivoBook 15 X1502ZA-BQ876 серебристый;274980;10;(1 отзыв);В кредит;17 398 ₸;x24
Ноутбук Apple MacBook Air 13,6 A2681 M2 CHIP/8Gb/SSD 512Gb/Space Gray/IOS(MLXX3RU/A);849990;0;;В рассрочку;70 833 ₸;x12
HP EliteBook 850 G8 401F2EA серебристый;467213;0;;В кредит;29 559 ₸;x24
Acer Aspire 3 A315-58 NX.ADGER.003 синий;204900;0;;В кредит;12 964 ₸;x24
HP 250 G8 2W9A7EA серебристый;301248;10;(1 отзыв);В кредит;19 059 ₸;x24
HP Victus 16-e1049ci 6M8B1EA синий;567990;10;(17 отзывов);В кредит;35 935 ₸;x24
HP Pavilion 15-eh3022ci 7P442EA#UUQ серебристый;329990;10;(2 отзыва);В кредит;20 878 ₸;x24
ASUS Zenbook UM3402YA-KP297W 90NB0W95-M00JX0 черный;769990;0;;В кредит;48 715 ₸;x24
Acer Nitro 5 AN515-58-734U NH.QFLER.00A черный;659070;9;(2 отзыва);В кредит;41 698 ₸;x24
Huawei MateBook D 14 NbD-WDI9 53013ERK серебристый;539990;10;(4 отзыва);В кредит;34 164 ₸;x24
Ноутбук Apple MacBook Air 13,6 A2681 M2 CHIP/8Gb/SSD 512Gb/Space Gray/IOS(MLXX3RU/A);849990;0;;В рассрочку;70 833 ₸;x12
Lenovo Legion S7 16ARHA7 82UG0037RK серый;599990;0;;В кредит;37 960 ₸;x24
HP ProBook 450 G9 6F1E5EA серебристый;422113;0;;В кредит;26 706 ₸;x24
Lenovo IdeaPad 3 15IAU7 82RK00ADRK серый;194900;10;(1 отзыв);В кредит;12 331 ₸;x24
HP 15-fc0018ci 7P452EA#UUQ серебристый;249990;0;;В кредит;15 816 ₸;x24
ASUS TUF Gaming F15 FX507ZV4-LP047 серый;649990;10;(6 отзывов);В кредит;41 123 ₸;x24
Lenovo ThinkPad E14 Gen 4 21EB006TRT черный;407278;0;;В кредит;25 768 ₸;x24
DELL Vostro 3510 210-AZZU-A21 черный;364767;0;;В кредит;23 078 ₸;x24
DELL Vostro 3510 210-AZZU-B1 черный;399066;0;;В кредит;25 248 ₸;x24
Huawei MateBook D14 NobelD-WDI9A серебристый;329000;10;(12 отзывов);В кредит;20 815 ₸;x24
Apple MacBook Air 13 Z12700034 серебристый;979990;10;(5 отзывов);В рассрочку;81 666 ₸;x12
Lenovo IdeaPad Gaming 3 15IHU6 82K100Y6RU черный;448985;10;(2 отзыва);В кредит;28 406 ₸;x24
ASUS G513RM-HQ171 90NR0845-M008R0 серый;789900;10;(9 отзывов);В кредит;49 975 ₸;x24
ASUS Zenbook UM3402YA-KP297W 90NB0W95-M00JX0 черный;769990;0;;В кредит;48 715 ₸;x24
Lenovo IdeaPad Gaming 3 82K201QYRK черный;699790;10;(3 отзыва);В кредит;44 274 ₸;x24
Acer Nitro 5 AN515-58-734U NH.QFLER.00A черный;659070;9;(2 отзыва);В кредит;41 698 ₸;x24
GIGABYTE AORUS 15 9KF-E3KZ353SH черный;718187;0;;В кредит;45 438 ₸;x24
Lenovo ThinkBook 15p G2 ITH 21B10023RU серый;518926;10;(1 отзыв);В кредит;32 831 ₸;x24
ASUS ExpertBook B1 B1402CBA-EB0563 90NX05V1-M00MX0 синий;229509;0;;В кредит;14 521 ₸;x24
ASUS L2502C 90NX0501-M005N0 черный;469392;0;;В кредит;29 697 ₸;x24
DELL Vostro 3420 N2010VNB3420EMEA01_UBU серый;292782;0;;В кредит;18 524 ₸;x24
Lenovo ThinkPad E15 Gen 4 21E7S3AJ00 серый;589475;0;;В кредит;37 295 ₸;x24
Lenovo ThinkBook 14 G4 ABA 21DK004VRU темно-серый;381805;0;;В кредит;24 156 ₸;x24
DELL Vostro 3510 N8801VN3510EMEA01_N1_UBU серый;243065;0;;В кредит;15 378 ₸;x24
HP 15-fc0018ci 7P452EA#UUQ серебристый;249990;0;;В кредит;15 816 ₸;x24
Lenovo ThinkPad E14 Gen 4 21E3005GRT черный;701800;0;;В кредит;44 401 ₸;x24
ASUS TUF Gaming F15 FX507ZV4-LP047 серый;649990;10;(6 отзывов);В кредит;41 123 ₸;x24
Apple MacBook Air 13 MGNA3 серебристый;777770;10;(17 отзывов);В рассрочку;64 815 ₸;x12
Lenovo IdeaPad L3 15ITL6 82HL002ERK;189900;10;;В кредит;12 015 ₸;x24
Acer A315-56 NX.HS5ER.002 черный;220945;10;(30 отзывов);В кредит;13 979 ₸;x24
Acer Aspire 3 A315-34 NX.HE3ER.01E серый;209985;9;(26 отзывов);В кредит;13 286 ₸;x24
Apple MacBook Pro 16 MVVL2 серебристый;1442000;10;(2 отзыва);В рассрочку;120 167 ₸;x12
Lenovo V15 G2 ITL 82KB0009RU черный;260990;10;(3 отзыва);В кредит;16 512 ₸;x24
Lenovo 15IAU7 82RK00AJRK серый;239980;0;;В кредит;15 183 ₸;x24
Lenovo IdeaPad 3 82H802EDRK серый;369990;10;(10 отзывов);В кредит;23 408 ₸;x24
ASUS ExpertBook 90NX0421-M31720 синий;239906;0;;В кредит;15 179 ₸;x24
Lenovo V15-IIL 82C500NRRU серый;289900;10;;В кредит;18 341 ₸;x24
Lenovo ThinkBook 15 G3 ACL 21A4003PRU серый;420000;9;(6 отзывов);В кредит;26 572 ₸;x24
Lenovo ThinkBook 14 G4 21DK0008RU серый;425305;0;;В кредит;26 908 ₸;x24
MSI Katana GF66 12UD-865XKZ черный;548660;0;;В кредит;34 712 ₸;x24
Apple MacBook Air 13 MGNA3 серебристый;777770;10;(17 отзывов);В рассрочку;64 815 ₸;x12
Lenovo IdeaPad L3 15ITL6 82HL002ERK;189900;10;;В кредит;12 015 ₸;x24
Acer Extensa EX215-52-325A NX.EG8ER.006 черный;229009;10;(5 отзывов);В кредит;14 489 ₸;x24
Lenovo V15-IIL 82C500NRRU серый;289900;10;;В кредит;18 341 ₸;x24
Acer Extensa 15 EX215-32-C7N5 NX.EGNER.006 черный;207733;0;;В кредит;13 143 ₸;x24
Lenovo ThinkBook 15 G3 ACL 21A4003PRU серый;420000;9;(6 отзывов);В кредит;26 572 ₸;x24
Lenovo V15 G3 IAP 82TT0010RU черный;256738;0;;В кредит;16 243 ₸;x24
Lenovo ThinkBook 14 G4 21DK0008RU серый;425305;0;;В кредит;26 908 ₸;x24
Lenovo ThinkPad T14s Gen 3 21BR00DRRT черный;938905;0;;В кредит;59 402 ₸;x24
Lenovo ThinkPad T14 Gen 3 21AH00G2RT черный;883520;0;;В кредит;55 898 ₸;x24
Lenovo ThinkPad E15 Gen 4 15 Gen 4 21ED003MRT черный;485282;0;;В кредит;30 703 ₸;x24
Lenovo ThinkPad T16 Gen 1 21BV006DRT черный;900841;0;;В кредит;56 994 ₸;x24
Lenovo ThinkPad E15 Gen 4 15 Gen 4 21ED003MRT черный;485282;0;;В кредит;30 703 ₸;x24
Lenovo ThinkPad T16 Gen 1 21BV006DRT черный;900841;0;;В кредит;56 994 ₸;x24
Acer TravelMate P215-53 NX.VPRER.001 черный;554748;0;;В кредит;35 097 ₸;x24
HP ProBook 440 G9 6F2M0EA серебристый;435427;0;;В кредит;27 548 ₸;x24
HP EliteBook 630 G9 6A2B3EA серый;337939;0;;В кредит;21 381 ₸;x24
Lenovo ThinkPad T14s Gen 3 21BR00DURT черный;1049000;0;;В кредит;66 367 ₸;x24
HP ProBook 440 G9 6S6J2EA серый;409929;10;(2 отзыва);В кредит;25 935 ₸;x24
DELL Vostro 3510 210-AZZU-A22 черный;437650;0;;В кредит;27 689 ₸;x24
DELL Vostro 3510 210-AZZU-B3 серый;411752;2;(1 отзыв);В кредит;26 051 ₸;x24
ASUS B5402FBA-KA0294 90NX05J1-M00AW0 темно-синий;493874;0;;В кредит;31 246 ₸;x24
ASUS B5602CBA-L20107X 90NX05H1-M00430 темно-синий;704290;0;;В кредит;44 558 ₸;x24
MSI Summit E16 Flip Evo A12MT-027XGE 9S7-159231-027 черный;723049;0;;В кредит;45 745 ₸;x24
ASUS VivoBook Pro 16X Oled M7601RM-MX071W 90NB0YY2-M00320 черный;610236;0;;В кредит;38 608 ₸;x24
Lenovo IdeaPad Gaming 3 82K1015RRU черный;548485;0;;В кредит;34 701 ₸;x24
HP Victus 16-d0000ur 46Z71EA синий;364900;10;(1 отзыв);В кредит;23 086 ₸;x24
ASUS ExpertBook B1 B1400CBA-EB0767W черный;359990;0;;В кредит;22 776 ₸;x24
ASUS TUF Gaming F15 FX506LH-HN236 90NR03U2-M08560 черный;467990;10;(4 отзыва);В кредит;29 609 ₸;x24
ASUS VivoBook Pro K6500ZC-MA378 90NB0XK1-M00NE0 синий;769890;10;(4 отзыва);В кредит;48 709 ₸;x24
Lenovo IdeaPad 3 15ABA7 82RN00CURK серый;379990;10;(1 отзыв);В кредит;24 041 ₸;x24
ASUS VivoBook K513EA-BN2233 серебристый;465789;0;;В кредит;29 469 ₸;x24
Honor MagicBook X 14 5301AESW темно-серый;329970;0;;В кредит;20 877 ₸;x24
HP OMEN 16-b0039ur 55C04EA темно-серый;799990;0;;В кредит;50 613 ₸;x24
ASUS ROG Flow X13 GV301RE-LJ128W черный;1199489;10;(1 отзыв);В кредит;75 888 ₸;x24
HP OMEN X 15-dg0010ur черный;2329990;0;;В кредит;147 411 ₸;x24
ASUS M1605YA-MB006 90NB10R2-M00B30 серебристый;263600;0;;В кредит;16 678 ₸;x24
Machenike S16 i912900H30606GQ165HGMQDR2 черный;699000;0;;В кредит;44 224 ₸;x24
HP 15-eu0022ur 4E0V4EA черный;549990;10;(11 отзывов);В кредит;34 796 ₸;x24
Lenovo IdeaPad Gaming 3 15ACH6 82K200LSRK черный;799989;10;(21 отзыв);В кредит;50 613 ₸;x24
Acer Nitro 5 AN515-45 NH.QBRER.007 черный;1149999;10;(4 отзыва);В кредит;72 757 ₸;x24
Lenovo Legion 5 15IMH6 82NL0000RU черный;468985;0;;В кредит;29 672 ₸;x24
HP Pavilion 15-eh1130ur 638D3EA серебристый;269900;10;(1 отзыв);В кредит;17 076 ₸;x24
HP Victus 16-d0000ur 46Z71EA синий;364900;10;(1 отзыв);В кредит;23 086 ₸;x24
Lenovo IdeaPad Gaming 3 15IHU6 82K100EERK черный;399990;10;(4 отзыва);В кредит;25 306 ₸;x24
HP 250 G8 2E9J1EA черный;499990;10;(3 отзыва);В кредит;31 633 ₸;x24
ASUS X415EA-EB533 90NB0TT2-M07390 серый;429890;10;(10 отзывов);В кредит;27 198 ₸;x24
ASUS VivoBook 14 K413EA-EK1758 90NB0RLB-M27080 серебристый;339990;10;(12 отзывов);В кредит;21 510 ₸;x24
ASUS M1605YA-MB006 90NB10R2-M00B30 серебристый;263600;0;;В кредит;16 678 ₸;x24
Machenike S16 i912900H30606GQ165HGMQDR2 черный;699000;0;;В кредит;44 224 ₸;x24
HP 15-eu0022ur 4E0V4EA черный;549990;10;(11 отзывов);В кредит;34 796 ₸;x24
Lenovo IdeaPad Gaming 3 15ACH6 82K200LSRK черный;799989;10;(21 отзыв);В кредит;50 613 ₸;x24
Acer Nitro 5 AN515-45 NH.QBRER.007 черный;1149999;10;(4 отзыва);В кредит;72 757 ₸;x24
Lenovo Legion 5 15IMH6 82NL0000RU черный;468985;0;;В кредит;29 672 ₸;x24
HP Pavilion 15-eh1130ur 638D3EA серебристый;269900;10;(1 отзыв);В кредит;17 076 ₸;x24
HP Victus 16-d0000ur 46Z71EA синий;364900;10;(1 отзыв);В кредит;23 086 ₸;x24
Lenovo IdeaPad Gaming 3 15IHU6 82K100EERK черный;399990;10;(4 отзыва);В кредит;25 306 ₸;x24
HP 250 G8 2E9J1EA черный;499990;10;(3 отзыва);В кредит;31 633 ₸;x24
ASUS X415EA-EB533 90NB0TT2-M07390 серый;429890;10;(10 отзывов);В кредит;27 198 ₸;x24
ASUS VivoBook 14 K413EA-EK1758 90NB0RLB-M27080 серебристый;339990;10;(12 отзывов);В кредит;21 510 ₸;x24
Lenovo Yoga 9 14IRP8 83B1002WRK темно-серый;1199990;10;(2 отзыва);В кредит;75 920 ₸;x24
HP EliteBook 840 G9 6F6E3EA серебристый;899990;0;;В кредит;56 940 ₸;x24
ASUS E1504GA-BQ129W 90NB0ZT2-M00530 черный;219990;0;;В кредит;13 918 ₸;x24
Acer EX215-54G NX.EGHER.00K черный;309990;10;(11 отзывов);В кредит;19 612 ₸;x24
Lenovo Yoga Slim 7 ProX 14IAH7 82TK00BNRU серый;729990;0;;В кредит;46 184 ₸;x24
Lenovo Yoga Slim 6 14IAP8 82WU003URK серый;370900;0;;В кредит;23 466 ₸;x24
HP ProBook 650 G8 UMA 250A5EA серебристый;699990;0;;В кредит;44 286 ₸;x24
ASUS X515JA-EJ2121W 90NB0SR1-M00HK0 серый;549790;10;(17 отзывов);В кредит;34 784 ₸;x24
Acer Aspire 3 A315-57G I341TMN NX.HZRER.005 черный;238910;9;(5 отзывов);В кредит;15 116 ₸;x24
Dream Machines RG3050Ti-15KZ34 черный;700000;0;;В кредит;44 287 ₸;x24
ASUS Vivobook X1603ZA-MB021W 90NB0WB1-M009E0 синий;457990;10;(2 отзыва);В кредит;28 976 ₸;x24
Lenovo LOQ 15IRH8 82XV0072RK черный;555890;0;;В кредит;35 170 ₸;x24
Apple MacBook Pro 14 Z15J000D1 серебристый;1781990;0;;В рассрочку;148 500 ₸;x12
HP Probook 440 G9 6A1S9EA серебристый;430253;0;;В кредит;27 221 ₸;x24
Acer Swift 3 SF314-57G NX.HUEER.002 серый;529990;10;(17 отзывов);В кредит;33 531 ₸;x24
Acer Extensa 15 EX215-52 NX.EG8ER.00Y черный;239990;9;(11 отзывов);В кредит;15 184 ₸;x24
DELL Vostro 15 3510 210-AZZU-B8 серый;301530;0;;В кредит;19 077 ₸;x24
ASUS ROG Zephyrus G16 N4007W темно-серый;969980;0;;В кредит;61 368 ₸;x24
ASUS ExpertBook B5 B5602CBA-L20147X темно-синий;867080;0;;В кредит;54 858 ₸;x24
Lenovo ThinkPad T16 G2 21HH002JRT черный;866622;0;;В кредит;54 829 ₸;x24
DELL Vostro 3510 210-AZZU-A8 черный;426271;0;;В кредит;26 969 ₸;x24
Lenovo IdeaPad 3 Gen 7 82RN008LRK темно-синий;289900;0;;В кредит;18 341 ₸;x24
Lenovo ThinkBook 15 G2 ITL 20VE009BRU серый;498814;0;;В кредит;31 559 ₸;x24
Lenovo IdeaPad Gaming 3 16IAH7 82SA00FBRK темно-серый;548999;0;;В кредит;34 734 ₸;x24
HP 15s-fq2038ur 321H6EA серебристый;419980;10;(15 отзывов);В кредит;26 571 ₸;x24
ThundeRobot T911 Air XD черный;699990;10;(1 отзыв);В кредит;44 286 ₸;x24
HP 15s-fq1104ur серебристый;417588;9;(4 отзыва);В кредит;26 420 ₸;x24
Lenovo Ideapad Gaming 3 81Y400NURK черный;447990;10;(4 отзыва);В кредит;28 343 ₸;x24
ASUS Zenbook Pro 14 UX8402VU-P1070W черный;1158990;0;;В кредит;73 326 ₸;x24
DELL XPS 15 9520 210-BDVF-13 серебристый;1775330;0;;В кредит;112 319 ₸;x24
MSI GF63 Thin 11UC-1229XGE черный;464990;0;;В кредит;29 419 ₸;x24
Acer Nitro 5 AN515-46 R585SGN NH.QGYER.006 черный;579990;10;;В кредит;36 694 ₸;x24
Lenovo Legion 5 15ARH7H 82RD006MRK серый;902400;0;;В кредит;57 092 ₸;x24
Lenovo ThinkPad X1 Extreme Gen 5 21DE0022RT черный;2299900;0;;В кредит;145 507 ₸;x24
MSI Katana GF76 11UC-873XGE черный;524990;0;;В кредит;33 215 ₸;x24
Acer Aspire 3 A315-57G I341TMN NX.HZRER.005 черный;238910;9;(5 отзывов);В кредит;15 116 ₸;x24
Lenovo Yoga 9 14IRP8 83B1002WRK темно-серый;1199990;10;(2 отзыва);В кредит;75 920 ₸;x24
Lenovo ThinkBook 15 G2 ITL 20VE0009RU серый;439990;10;(2 отзыва);В кредит;27 837 ₸;x24
HP Omen 17-ck1007ci 6Q1E3EA черный;1468270;0;;В кредит;92 893 ₸;x24
Acer Aspire 3 A315-34 NX.HE3ER.00G черный;269990;9;(34 отзыва);В кредит;17 082 ₸;x24
ASUS ExpertBook B1 B1400CBA-EB0767W черный;359990;0;;В кредит;22 776 ₸;x24
Huawei MateBook 14 KelvinM-W5651W серый;699990;10;;В кредит;44 286 ₸;x24
ASUS TUF Gaming F15 FX506LH-HN236 90NR03U2-M08560 черный;467990;10;(4 отзыва);В кредит;29 609 ₸;x24
Lenovo IdeaPad 3 15ITL6 82H802NHRK серый;441230;0;;В кредит;27 916 ₸;x24
ASUS ROG Flow X13 GV301RE-LJ128W черный;1199489;10;(1 отзыв);В кредит;75 888 ₸;x24
ASUS VivoBook Pro K6500ZC-MA378 90NB0XK1-M00NE0 синий;769890;10;(4 отзыва);В кредит;48 709 ₸;x24
HP OMEN 16-b0039ur 55C04EA темно-серый;799990;0;;В кредит;50 613 ₸;x24
HP OMEN X 15-dg0010ur черный;2329990;0;;В кредит;147 411 ₸;x24
Honor MagicBook X 14 5301AESW темно-серый;329970;0;;В кредит;20 877 ₸;x24
ASUS VivoBook K513EA-BN2233 серебристый;465789;0;;В кредит;29 469 ₸;x24
ASUS TUF Gaming F15 FX506HM-AZ122 90NR0753-M03080 серый;685790;10;(26 отзывов);В кредит;43 388 ₸;x24
Lenovo IdeaPad 3 I382SUN 81WE012KRK серый;289988;9;(2 отзыва);В кредит;18 347 ₸;x24
Acer SF314-58G NX.HPKER.002 серебристый;396990;10;(3 отзыва);В кредит;25 117 ₸;x24
Lenovo IdeaPad 3 15ABA7 82RN00CURK серый;379990;10;(1 отзыв);В кредит;24 041 ₸;x24
Lenovo LOQ 15IRH8 82XV0072RK черный;555890;0;;В кредит;35 170 ₸;x24
Lenovo Legion 5 15IMH6 82NL000GRK черный;569820;9;(8 отзывов);В кредит;36 051 ₸;x24
ASUS X515EA-BQ1461W 90NB0TY1-M25480 серый;271489;0;;В кредит;17 177 ₸;x24
HP OMEN 16-b0029ur 4E1R3EA темно-серый;749990;0;;В кредит;47 450 ₸;x24
Lenovo IdeaPad Slim 3 16IRU8 82X80007RK серебристый;254889;10;(1 отзыв);В кредит;16 126 ₸;x24
Lenovo IdeaPad Gaming 3 15ACH6 82K201U9RK черный;548821;9;(6 отзывов);В кредит;34 722 ₸;x24
Lenovo Legion S7 16IAH7 82TF002YRK темно-серый;810330;0;;В кредит;51 267 ₸;x24
ASUS ExpertBook B1 B1500CEAE-BQ4275W черный;299980;10;(1 отзыв);В кредит;18 979 ₸;x24
DELL Vostro 7620 210-BDVL-4 черный;938800;10;;В кредит;59 395 ₸;x24
HP ENVY x360 15-ew0009ci 7P0M8EA серебристый;563660;0;;В кредит;35 661 ₸;x24
HP Spectre x360 16-f1011ci 7P0P8EA черный;1138790;0;;В кредит;72 048 ₸;x24
Huawei MateBook D 14 NbDE-WFH9 53013QDV серебристый;345084;0;;В кредит;21 833 ₸;x24
HP OMEN 16-wf0019ci 804G8EA черный;784990;0;;В кредит;49 664 ₸;x24
Lenovo ThinkBook 16 G4+ IAP 21CY0013RU серебристый;545700;0;;В кредит;34 525 ₸;x24
HP Pavilion Aero 13-be1030ci 7P0L7EA серебристый;399990;0;;В кредит;25 306 ₸;x24
DELL Vostro 3525 210-BDRB-6 серый;312650;0;;В кредит;19 781 ₸;x24
Lenovo Legion 5 15IMH6 82NL000GRK черный;569820;9;(8 отзывов);В кредит;36 051 ₸;x24
HP 15-er0005ur 65G63EA серебристый;371490;9;(2 отзыва);В кредит;23 503 ₸;x24
HP ENVY x360 15-ew0009ci 7P0M8EA серебристый;563660;0;;В кредит;35 661 ₸;x24
Acer Nitro 5 AN515-55 NH.QB0ER.005 черный;619990;10;(29 отзывов);В кредит;39 225 ₸;x24
ASUS 31215U-8-256-W B1400CBA-EB0766W темно-синий;294980;10;(1 отзыв);В кредит;18 663 ₸;x24
ASUS TUF FX506LI-HN012 90NR03T2-M01550 черный;399990;0;;В кредит;25 306 ₸;x24
HP Victus 16-e0139ur 640H7EA серый;499990;0;;В кредит;31 633 ₸;x24
HP 15s-fq3002ci 7E4T0EA черный;167380;0;;В кредит;10 590 ₸;x24
ASUS TUF Dash F15 FX516PM-AZ077 90NR05X1-M05880 черный;557990;9;(3 отзыва);В кредит;35 303 ₸;x24
HP Spectre x360 16-f1011ci 7P0P8EA черный;1138790;0;;В кредит;72 048 ₸;x24
Lenovo IdeaPad 3 15ITL6 82H8028GRE серый;280000;10;(10 отзывов);В кредит;17 715 ₸;x24
HP OMEN 16-wf0019ci 804G8EA черный;784990;0;;В кредит;49 664 ₸;x24
ASUS Vivobook Pro 14 M3401QA-KM012W 90NB0VZ2-M01130 темно-синий;699990;10;(9 отзывов);В кредит;44 286 ₸;x24
HP HP Laptop 15s-eq1426ur 5R9R2EA серый;213790;9;(10 отзывов);В кредит;13 526 ₸;x24
Lenovo Yoga Slim 7 ProX 14IAH7 82TK00BNRU серый;729990;0;;В кредит;46 184 ₸;x24
Lenovo Yoga Slim 6 14IAP8 82WU003URK серый;370900;0;;В кредит;23 466 ₸;x24
HP EliteBook 840 G9 6F6E3EA серебристый;899990;0;;В кредит;56 940 ₸;x24
Lenovo IdeaPad Gaming 3 82K200TURK черный;577467;10;(2 отзыва);В кредит;36 535 ₸;x24
Lenovo IdeaPad Gaming 3 82K200AURK черный;499990;9;(2 отзыва);В кредит;31 633 ₸;x24
HP ProBook 650 G8 UMA 250A5EA серебристый;699990;0;;В кредит;44 286 ₸;x24
ASUS X515JA-EJ2121W 90NB0SR1-M00HK0 серый;549790;10;(17 отзывов);В кредит;34 784 ₸;x24
Dream Machines RG3050Ti-15KZ34 черный;700000;0;;В кредит;44 287 ₸;x24
HP 255 G9 6A1B1EA серый;356745;0;;В кредит;22 571 ₸;x24
HP OMEN 17-ck2003ci 7Z7V4EA#UUQ черный;1449990;0;;В кредит;91 736 ₸;x24
Lenovo Thinkpad X1 Carbon 21CB004JRT черный;1499900;0;;В кредит;94 894 ₸;x24
HP 16-e0069ur 4E1K1EA синий;719990;0;;В кредит;45 552 ₸;x24
Lenovo IdeaPad L3 15ITL6 82HL0038RK серебристый;219199;10;(3 отзыва);В кредит;13 868 ₸;x24
Dream Machines RG3050Ti 15KZ33 черный;521890;0;;В кредит;33 019 ₸;x24
HP 240 G8 43W55EA серый;317910;9;;В кредит;20 114 ₸;x24
HP ZBook Fury 16 G9 62U60EA серый;1459098;0;;В кредит;92 313 ₸;x24
Acer Swift X SFX16-51G-545M NX.AYKER.003 серый;561040;0;;В кредит;35 496 ₸;x24
Lenovo Legion 5 15ACH6H 82JU00BVRK темно-синий;888990;10;(8 отзывов);В кредит;56 244 ₸;x24
Huawei MateBook 14 I5165SUW KLVD-WFH9 серый;699990;10;(1 отзыв);В кредит;44 286 ₸;x24
HP Omen 17-ck1010ci 6K318EA черный;1904590;10;;В кредит;120 497 ₸;x24
HP Pavilion Aero 13-be1025ci 6K3C1EA серебристый;451830;0;;В кредит;28 586 ₸;x24
ASUS X415EA-EB533 90NB0TT2-M07390 серый;429890;10;(10 отзывов);В кредит;27 198 ₸;x24
Machenike S16 i912900H30606GQ165HGMQDR2 черный;699000;0;;В кредит;44 224 ₸;x24
Lenovo IdeaPad Gaming 3 15IHU6 82K100EERK черный;399990;10;(4 отзыва);В кредит;25 306 ₸;x24
DELL XPS 13 Plus 9320 210-BDVD-5 серый;1527680;0;;В кредит;96 651 ₸;x24
HP Laptop 15-dw1062ur 4Z9C9EA серый;189900;8;(6 отзывов);В кредит;12 015 ₸;x24
ASUS X515EA-EJ1414 90NB0TY2-M03EX0 серебристый;174050;0;;В кредит;11 012 ₸;x24
HP Victus 15-fa0065ci 809P6EA серый;399900;0;;В кредит;25 301 ₸;x24
Lenovo V15 G2 ALC 82KD0033RU черный;214990;9;(2 отзыва);В кредит;13 602 ₸;x24
Lenovo V15 G2 ITL 82KB0006RU серый;277490;10;(1 отзыв);В кредит;17 556 ₸;x24
ASUS Rog Strix Scar 16 G634JZ-N4035 90NR0C81-M00300 черный;2199990;10;(1 отзыв);В кредит;139 186 ₸;x24
ASUS GX650PY-NM040W 90NR0BI1-M00270 черный;2229000;0;;В кредит;141 022 ₸;x24
Acer Aspire 3 A314-35 NX.A7SER.00G серебристый;289990;10;;В кредит;18 347 ₸;x24
Lenovo ThinkBook 15 G4 IAP 21DJ009MRU серый;1199990;0;;В кредит;75 920 ₸;x24
Lenovo Legion 5 Pro 16IRX8 82WK0067RK темно-серый;999990;0;;В кредит;63 266 ₸;x24
Lenovo ThinkBook 13s G4 21AR0019RU серый;678990;0;;В кредит;42 958 ₸;x24
Microsoft Surface Laptop 5 1979 RIP-00041 черный;1089900;0;;В кредит;68 955 ₸;x24
Acer Nitro 5 AN515-58 NH.QFJER.002 черный;479990;9;(10 отзывов);В кредит;30 368 ₸;x24
Acer Nitro 5 AN517-55 NH.QFWER.006 черный;950000;10;(2 отзыва);В кредит;60 104 ₸;x24
HP 15s-fq2074ur серебристый;449989;10;(14 отзывов);В кредит;28 470 ₸;x24
ASUS VivoBook Pro 15 K3500PH 90NB0UV2-M02960 синий;479990;10;(2 отзыва);В кредит;30 368 ₸;x24
DELL Vostro 5625 210-BDFL-2 серый;507510;10;(1 отзыв);В кредит;32 109 ₸;x24
Lenovo IdeaPad L3 15ITL6 82HL0038RK серебристый;219199;10;(3 отзыва);В кредит;13 868 ₸;x24
Acer Swift X SFX16-51G-545M NX.AYKER.003 серый;561040;0;;В кредит;35 496 ₸;x24
Acer Aspire 3 A315-43 NX.K7CER.008 черный;299990;10;(1 отзыв);В кредит;18 980 ₸;x24
Lenovo ThinkBook 15 G2 ITL 20VE00U7RU серый;497690;0;;В кредит;31 488 ₸;x24
HP Pavilion Aero 13-be1028ci 7P0L6EA белый;410840;0;;В кредит;25 993 ₸;x24
Lenovo ThinkBook 15 G4 IAP 21DJ009MRU серый;1199990;0;;В кредит;75 920 ₸;x24
Microsoft Surface Laptop 5 1979 RIP-00041 черный;1089900;0;;В кредит;68 955 ₸;x24
Acer Nitro 5 AN515-58 NH.QFJER.002 черный;479990;9;(10 отзывов);В кредит;30 368 ₸;x24
Acer Nitro 5 AN517-55 NH.QFWER.006 черный;950000;10;(2 отзыва);В кредит;60 104 ₸;x24
HP 15s-fq2074ur серебристый;449989;10;(14 отзывов);В кредит;28 470 ₸;x24
ASUS VivoBook Pro 15 K3500PH 90NB0UV2-M02960 синий;479990;10;(2 отзыва);В кредит;30 368 ₸;x24
DELL Vostro 5625 210-BDFL-2 серый;507510;10;(1 отзыв);В кредит;32 109 ₸;x24
Lenovo IdeaPad L3 15ITL6 82HL0038RK серебристый;219199;10;(3 отзыва);В кредит;13 868 ₸;x24
Acer Swift X SFX16-51G-545M NX.AYKER.003 серый;561040;0;;В кредит;35 496 ₸;x24
Acer Aspire 3 A315-43 NX.K7CER.008 черный;299990;10;(1 отзыв);В кредит;18 980 ₸;x24
Lenovo ThinkBook 15 G2 ITL 20VE00U7RU серый;497690;0;;В кредит;31 488 ₸;x24
HP Pavilion Aero 13-be1028ci 7P0L6EA белый;410840;0;;В кредит;25 993 ₸;x24
Lenovo ThinkBook 15 G4 IAP 21DJ009MRU серый;1199990;0;;В кредит;75 920 ₸;x24
Dream Machines RG3050Ti-17KZ46 черный;599970;0;;В кредит;37 959 ₸;x24
ASUS K6602HC-N1071 90NB0YU1-M004N0 синий;439990;8;(1 отзыв);В кредит;27 837 ₸;x24
Lenovo IdeaPad Gaming 3 82K100KFRK черный;609990;10;(2 отзыва);В кредит;38 592 ₸;x24
DELL XPS 13 Plus 9320 210-BDVD-5 серый;1527680;0;;В кредит;96 651 ₸;x24
ASUS VivoBook Go E1504FA-BQ090 90NB0ZR2-M00L10 черный;229990;0;;В кредит;14 551 ₸;x24
ASUS UX5304VA-NQ086W 90NB0Z92-M00AV0 серый;699990;0;;В кредит;44 286 ₸;x24
Aspire 5 A515-56-36UT NX.AASAA.002 серебристый;199990;0;;В кредит;12 653 ₸;x24
HP Victus 16-e0043ur 4A746EA черный;475590;9;(15 отзывов);В кредит;30 089 ₸;x24
Lenovo V15 G2 ITL 82KB0006RU серый;277490;10;(1 отзыв);В кредит;17 556 ₸;x24
Lenovo Legion 5 Pro 16IRX8 82WK0067RK темно-серый;999990;0;;В кредит;63 266 ₸;x24
Acer Aspire A315-34-P351 NX.HE3ER.010 черный;239990;9;(4 отзыва);В кредит;15 184 ₸;x24
Lenovo TP T590 20N4004DRT черный;590000;10;;В кредит;37 328 ₸;x24
ASUS Vivobook S 14 M3402RA-KM081 90NB0WH1-M00370 серебристый;505990;0;;В кредит;32 013 ₸;x24
Lenovo ThinkBook 14 G3 ACL 21A20046RU серый;399000;10;(1 отзыв);В кредит;25 244 ₸;x24
Lenovo ThinkBook 15 G4 IAP 21DJ009MRU серый;1199990;0;;В кредит;75 920 ₸;x24
ASUS Rog Strix Scar 16 G634JZ-N4035 90NR0C81-M00300 черный;2199990;10;(1 отзыв);В кредит;139 186 ₸;x24
ASUS GX650PY-NM040W 90NR0BI1-M00270 черный;2229000;0;;В кредит;141 022 ₸;x24
HP 250 G8 UMA 32M39EA серебристый;499990;10;(1 отзыв);В кредит;31 633 ₸;x24
ASUS ROG Flow X16 GV601VV-NF026W 90NR0D11-M001P0 черный;1140790;10;(1 отзыв);В кредит;72 174 ₸;x24
ASUS X1702ZA-AU155 90NB0WZ1-M00640 серебристый;279990;10;(2 отзыва);В кредит;17 714 ₸;x24
ASUS VivoBook 15 M513U 90NB0TP1-M06280 черный;329990;9;(20 отзывов);В кредит;20 878 ₸;x24
ASUS VivoBook Pro 15 K3500PH 90NB0UV2-M02960 синий;479990;10;(2 отзыва);В кредит;30 368 ₸;x24
HP 15-fc0002ci 7P449EA серебристый;299990;10;(2 отзыва);В кредит;18 980 ₸;x24
HP 15s-fq2074ur серебристый;449989;10;(14 отзывов);В кредит;28 470 ₸;x24
ASUS VivoBook Go E1504FA-BQ090 90NB0ZR2-M00L10 черный;229990;0;;В кредит;14 551 ₸;x24
ASUS UX5304VA-NQ086W 90NB0Z92-M00AV0 серый;699990;0;;В кредит;44 286 ₸;x24
ASUS ROG Strix SCAR 16 G634JZ-N4067W 90NR0C81-M00500 черный;2299990;10;(2 отзыва);В кредит;145 513 ₸;x24
Dream Machines RG3050Ti-17KZ46 черный;599970;0;;В кредит;37 959 ₸;x24
DELL Inspiron 15 210-BDIG-9 черный;319868;0;;В кредит;20 237 ₸;x24
ASUS Zenbook S UM5302TA-LV562W 90NB0WA3-M00UP0 синий;599990;10;(1 отзыв);В кредит;37 960 ₸;x24
ASUS Rog Strix Scar 16 G634JZ-N4035 90NR0C81-M00300 черный;2199990;10;(1 отзыв);В кредит;139 186 ₸;x24
ASUS GX650PY-NM040W 90NR0BI1-M00270 черный;2229000;0;;В кредит;141 022 ₸;x24
ASUS X515EA-EJ1414 90NB0TY2-M03EX0 серебристый;174050;0;;В кредит;11 012 ₸;x24
Lenovo IdeaPad 3 14ITL6 82H7015TRU серый;970000;10;(6 отзывов);В кредит;61 369 ₸;x24
ASUS S433EA-KI2331W 90NB0RL4-M00MH0 серый;399229;0;;В кредит;25 258 ₸;x24
ASUS ROG Zephyrus M16 GU604VZ-NM040W 90NR0BK3-M002W0 черный;1878563;10;(2 отзыва);В кредит;118 851 ₸;x24
Huawei MateBook 14 I5165SUW KLVD-WFH9 серый;699990;10;(1 отзыв);В кредит;44 286 ₸;x24
Acer Swift 3 SF314-511 NX.ACWER.003 синий;309990;0;;В кредит;19 612 ₸;x24
Machenike S16 i912900H30606GQ165HGMQDR2 черный;699000;0;;В кредит;44 224 ₸;x24
Acer Nitro 5 AN515-45 NH.QBRER.007 черный;1149999;10;(4 отзыва);В кредит;72 757 ₸;x24
HP 15-eu0022ur 4E0V4EA черный;549990;10;(11 отзывов);В кредит;34 796 ₸;x24
Lenovo IdeaPad Gaming 3 15ACH6 82K200LSRK черный;799989;10;(21 отзыв);В кредит;50 613 ₸;x24
HP Omen 17-ck1010ci 6K318EA черный;1904590;10;;В кредит;120 497 ₸;x24
Lenovo TP T590 20N4004DRT черный;590000;10;;В кредит;37 328 ₸;x24
ASUS Vivobook S 14 M3402RA-KM081 90NB0WH1-M00370 серебристый;505990;0;;В кредит;32 013 ₸;x24
Aspire 5 A515-56-36UT NX.AASAA.002 серебристый;199990;0;;В кредит;12 653 ₸;x24
ASUS TUF Gaming F15 FX506HF-HN028 черный;359980;0;;В кредит;22 775 ₸;x24
HP Probook 440 G9 6F1F0EA серебристый;510538;0;;В кредит;32 300 ₸;x24
ASUS X515FA-BQ019 90NB0W01-M009B0 серый;420000;10;(13 отзывов);В кредит;26 572 ₸;x24
Lenovo IdeaPad 3 15IML05 81WB003GRK серый;234949;8;(2 отзыва);В кредит;14 865 ₸;x24
Acer Extensa 15 EX215-54-36D0 NX.EGJER.00H черный;280990;10;;В кредит;17 778 ₸;x24
HP Zbook Fury 17 G8 62T12EA серый;1432899;0;;В кредит;90 655 ₸;x24
HP ProBook 450 G8 UMA 2W1G9EA серебристый;547000;0;;В кредит;34 607 ₸;x24
Lenovo IdeaPad 330-15IKB 81DC013PRK серый;209990;10;(1 отзыв);В кредит;13 286 ₸;x24
ASUS Vivobook M1603QA-MB219 90NB0Y81-M00CW0 синий;454990;9;(10 отзывов);В кредит;28 786 ₸;x24
Lenovo Ideapad 3 15ITL6 82H800M8RK серый;249900;9;(29 отзывов);В кредит;15 811 ₸;x24
ASUS X509MA-BR113T 90NB0Q32-M03680 серый;229990;10;;В кредит;14 551 ₸;x24
HP Envy 13-Ba1026ur 2N5K5EA серый;699990;9;(1 отзыв);В кредит;44 286 ₸;x24
ASUS F515JA-BQ2729 90NB0SR2-M00F50 серебристый;257750;0;;В кредит;16 307 ₸;x24
Apple MacBook Air 13 Z15Y000KQ золотистый;999998;10;(2 отзыва);В рассрочку;83 334 ₸;x12
